CustomerID,Name,City,JoinDate
C01,Ali,Karachi,2021-01-10
C02,Sara,Lahore,2020-03-15
C03,Usman,Islamabad,2019-07-22
C04,Ayesha,Karachi,2022-05-10
C05,Hassan,Lahore,2021-11-01
C06,Zara,Islamabad,2020-09-18
C07,Ahmed,Karachi,2018-02-25
C08,Noor,Lahore,2022-06-30
C09,Imran,Islamabad,2021-12-12
C10,Hina,Karachi,2023-01-05
C11,Farhan,Hyderabad,2022-08-15
C12,Rabia,Faisalabad,2021-04-20
C13,Sana,Rawalpindi,2020-11-10
C14,Aisha,Multan,2019-09-05
C15,Hamza,Peshawar,2023-02-28
C16,Noor,Sialkot,2022-03-12
C17,Bilal,Quetta,2021-07-19
C18,Talha,Gujranwala,2020-05-25
C19,Maryam,Lahore,2023-06-01
C20,Imran,Karachi,2019-12-08
C21,Zain,Islamabad,2022-10-30
C22,Fatima,Hyderabad,2021-01-15
C23,Ahmed,Faisalabad,2020-07-22
C24,Saima,Rawalpindi,2023-03-18
C25,Omar,Multan,2018-11-05
C26,Laiba,Peshawar,2022-09-14
C27,Danish,Sialkot,2021-06-07
C28,Kiran,Quetta,2020-02-19
C29,Yusuf,Gujranwala,2023-05-22
C30,Anum,Karachi,2019-08-30
C31,Hassan,Lahore,2022-12-01
C32,Sara,Islamabad,2021-03-25
C33,Usman,Hyderabad,2020-10-12
C34,Ayesha,Faisalabad,2023-07-05
C35,Noman,Rawalpindi,2019-04-18
C36,Tania,Multan,2022-01-09
C37,Iqra,Peshawar,2021-11-28
C38,Arslan,Sialkot,2020-06-03
C39,Mahnoor,Quetta,2023-04-15
C40,Bushra,Gujranwala,2018-09-20
C41,Waqar,Karachi,2022-07-10
C42,Saad,Lahore,2021-08-22
C43,Hina,Islamabad,2020-04-07
C44,Fahad,Hyderabad,2023-01-30
C45,Zara,Faisalabad,2019-10-25
C46,Imran,Rawalpindi,2022-05-19
C47,Noor,Multan,2021-02-14
C48,Sana,Peshawar,2020-08-28
C49,Ali,Sialkot,2023-09-03
C50,Rabia,Quetta,2019-01-12
C51,Hamza,Gujranwala,2022-11-17
C52,Khalid,Karachi,2021-05-06
C53,Laiba,Lahore,2020-12-20
C54,Omar,Islamabad,2023-08-11
C55,Maryam,Hyderabad,2018-07-15
C56,Talha,Faisalabad,2022-04-02
C57,Anum,Rawalpindi,2021-10-08
C58,Danish,Multan,2020-03-29
C59,Iqra,Peshawar,2023-06-25
C60,Arslan,Sialkot,2019-11-03
C61,Fatima,Quetta,2022-02-28
C62,Bushra,Gujranwala,2021-07-30
C63,Saima,Karachi,2020-09-17
C64,Usman,Lahore,2023-03-05
C65,Ayesha,Islamabad,2019-05-21
C66,Noman,Hyderabad,2022-10-19
C67,Tania,Faisalabad,2021-01-28
C68,Hassan,Rawalpindi,2020-06-12
C69,Zain,Multan,2023-12-01
C70,Sara,Peshawar,2018-10-05
C71,Farhan,Sialkot,2022-08-08
C72,Noor,Quetta,2021-04-14
C73,Aisha,Gujranwala,2020-11-25
C74,Hamza,Karachi,2023-07-20
C75,Bilal,Lahore,2019-02-18
C76,Mahnoor,Islamabad,2022-05-30
C77,Yusuf,Hyderabad,2021-09-09
C78,Kiran,Faisalabad,2020-01-22
C79,Laiba,Rawalpindi,2023-04-28
C80,Danish,Multan,2018-12-10
C81,Sana,Peshawar,2022-03-15
C82,Imran,Sialkot,2021-06-28
C83,Arslan,Quetta,2020-07-05
C84,Fatima,Gujranwala,2023-10-12
C85,Waqar,Karachi,2019-03-08
C86,Saad,Lahore,2022-12-18
C87,Hina,Islamabad,2021-08-03
C88,Fahad,Hyderabad,2020-04-25
C89,Zara,Faisalabad,2023-01-15
C90,Talha,Rawalpindi,2019-09-30
C91,Anum,Multan,2022-06-05
C92,Omar,Peshawar,2021-11-12
C93,Maryam,Sialkot,2020-02-07
C94,Iqra,Quetta,2023-05-18
C95,Bushra,Gujranwala,2018-08-20
C96,Saima,Karachi,2022-09-28
C97,Usman,Lahore,2021-03-10
C98,Ayesha,Islamabad,2020-10-15
C99,Noman,Hyderabad,2023-07-02
C100,Tania,Faisalabad,2019-06-14
C101,Hassan,Rawalpindi,2022-01-05
C102,Zain,Multan,2021-07-22
C103,Sara,Peshawar,2020-05-09
C104,Farhan,Sialkot,2023-09-20
C105,Noor,Quetta,2022-04-03
C106,Aisha,Gujranwala,2021-12-25
C107,Hamza,Karachi,2020-08-18
C108,Bilal,Lahore,2023-02-12
C109,Mahnoor,Islamabad,2019-11-28
C110,Yusuf,Hyderabad,2022-07-15
C111,Kiran,Faisalabad,2021-02-20
C112,Laiba,Rawalpindi,2020-09-05
C113,Danish,Multan,2023-06-08
C114,Sana,Peshawar,2018-04-30
C115,Imran,Sialkot,2022-10-28
C116,Arslan,Quetta,2021-05-17
C117,Fatima,Gujranwala,2020-12-03
C118,Waqar,Karachi,2023-03-22
C119,Saad,Lahore,2019-07-10
C120,Hina,Islamabad,2022-11-05
C121,Fahad,Hyderabad,2021-01-18
C122,Zara,Faisalabad,2020-06-25
C123,Talha,Rawalpindi,2023-08-30
C124,Anum,Multan,2019-10-12
C125,Omar,Peshawar,2022-02-28
C126,Maryam,Sialkot,2021-09-15
C127,Iqra,Quetta,2020-03-08
C128,Bushra,Gujranwala,2023-05-05
C129,Saima,Karachi,2018-11-20
C130,Usman,Lahore,2022-07-28
C131,Ayesha,Islamabad,2021-04-10
C132,Noman,Hyderabad,2020-01-25
C133,Tania,Faisalabad,2023-10-18
C134,Hassan,Rawalpindi,2019-05-15
C135,Zain,Multan,2022-12-22
C136,Sara,Peshawar,2021-08-08
C137,Farhan,Sialkot,2020-10-30
C138,Noor,Quetta,2023-01-12
C139,Aisha,Gujranwala,2019-02-05
C140,Hamza,Karachi,2022-06-20
C141,Bilal,Lahore,2021-03-03
C142,Mahnoor,Islamabad,2020-09-28
C143,Yusuf,Hyderabad,2023-04-05
C144,Kiran,Faisalabad,2018-12-15
C145,Laiba,Rawalpindi,2022-05-12
C146,Danish,Multan,2021-11-25
C147,Sana,Peshawar,2020-07-18
C148,Imran,Sialkot,2023-09-10
C149,Arslan,Quetta,2022-01-30
C150,Fatima,Gujranwala,2021-06-15
C151,Waqar,Karachi,2020-04-20
C152,Saad,Lahore,2023-07-25
C153,Hina,Islamabad,2019-08-05
C154,Fahad,Hyderabad,2022-10-08
C155,Zara,Faisalabad,2021-02-15
C156,Talha,Rawalpindi,2020-11-28
C157,Anum,Multan,2023-03-18
C158,Omar,Peshawar,2019-01-10
C159,Maryam,Sialkot,2022-08-22
C160,Iqra,Quetta,2021-05-05
C161,Bushra,Gujranwala,2020-02-12
C162,Saima,Karachi,2023-06-30
C163,Usman,Lahore,2018-10-25
C164,Ayesha,Islamabad,2022-04-18
C165,Noman,Hyderabad,2021-10-02
C166,Tania,Faisalabad,2020-05-28
C167,Hassan,Rawalpindi,2023-11-15
C168,Zain,Multan,2019-09-20
C169,Sara,Peshawar,2022-03-08
C170,Farhan,Sialkot,2021-07-12
C171,Noor,Quetta,2020-12-05
C172,Aisha,Gujranwala,2023-02-20
C173,Hamza,Karachi,2019-04-15
C174,Bilal,Lahore,2022-09-10
C175,Mahnoor,Islamabad,2021-01-22
C176,Yusuf,Hyderabad,2020-08-18
C177,Kiran,Faisalabad,2023-05-28
C178,Laiba,Rawalpindi,2019-06-05
C179,Danish,Multan,2022-11-20
C180,Sana,Peshawar,2021-04-28
C181,Imran,Sialkot,2020-10-15
C182,Arslan,Quetta,2023-08-05
C183,Fatima,Gujranwala,2019-03-12
C184,Waqar,Karachi,2022-07-18
C185,Saad,Lahore,2021-12-10
C186,Hina,Islamabad,2020-06-25
C187,Fahad,Hyderabad,2023-09-15
C188,Zara,Faisalabad,2018-11-30
C189,Talha,Rawalpindi,2022-02-05
C190,Anum,Multan,2021-08-28
C191,Omar,Peshawar,2020-04-10
C192,Maryam,Sialkot,2023-07-08
C193,Iqra,Quetta,2019-12-20
C194,Bushra,Gujranwala,2022-05-15
C195,Saima,Karachi,2021-03-28
C196,Usman,Lahore,2020-09-05
C197,Ayesha,Islamabad,2023-01-18
C198,Noman,Hyderabad,2019-07-25
C199,Tania,Faisalabad,2022-10-22
C200,Hassan,Rawalpindi,2021-06-12
C201,Zain,Multan,2020-01-08
C202,Sara,Peshawar,2023-04-30
C203,Farhan,Sialkot,2019-10-18
C204,Noor,Quetta,2022-12-28
C205,Aisha,Gujranwala,2021-09-22
C206,Hamza,Karachi,2020-05-10
C207,Bilal,Lahore,2023-11-05
C208,Mahnoor,Islamabad,2018-08-15
C209,Yusuf,Hyderabad,2022-06-18
C210,Kiran,Faisalabad,2021-12-30