CustomerID,Name,Age,Gender,Country,Product,PurchaseAmount,Discount,PurchaseDate,Rating
201,Ali,25,Male,Pakistan,Phone,50000,5,2023-01-10,4.5
202,Sara,,Female,India,Laptop,120000,10,2023-02-15,5
203,Usman,30,Male,Pakistan,Tablet,,15,2023-03-12,4
204,Ayesha,29,Female,,Phone,45000,5,2023-01-25,3.5
205,Hassan,27,Male,India,Laptop,110000,,2023-02-10,4.8
206,Ali,25,Male,Pakistan,Phone,50000,5,2023-01-10,4.5
207,Zara,26,Female,UK,Tablet,70000,10,2023-04-01,4.2
208,Ahmed,32,Male,Pakistan,Phone,90000,20,2023-05-20,4.9
209,Noor,,Female,India,Laptop,115000,10,2023-06-15,
210,Imran,31,Male,UK,Tablet,80000,15,2023-07-10,4.1
211,Arif,28,Male,Pakistan,Phone,55000,5,2023-08-01,4.3
212,Hina,24,Female,India,Laptop,125000,10,2023-08-03,4.7
213,Kamran,33,Male,UK,Tablet,82000,15,2023-08-05,4.1
214,Sana,27,Female,Pakistan,Phone,60000,5,2023-08-07,4.6
215,Farhan,29,Male,India,Laptop,118000,,2023-08-09,4.8
216,Mehak,,Female,UK,Tablet,75000,10,2023-08-10,4.2
217,Usama,31,Male,Pakistan,Phone,,5,2023-08-12,4.0
218,Aiman,26,Female,India,Laptop,122000,10,2023-08-14,4.9
219,Rizwan,34,Male,UK,Tablet,90000,15,2023-08-16,
220,Sobia,25,Female,Pakistan,Phone,52000,5,2023-08-18,3.9
221,Ali,27,Male,India,Laptop,130000,10,2023-08-20,4.8
222,Zainab,30,Female,UK,Tablet,78000,10,2023-08-22,4.4
223,Omar,32,Male,Pakistan,Phone,95000,20,2023-08-24,4.9
224,Hira,,Female,India,Laptop,119000,10,2023-08-26,4.6
225,Bilal,28,Male,UK,Tablet,81000,,2023-08-28,4.2
226,Ayesha,29,Female,Pakistan,Phone,58000,5,2023-08-30,4.1
227,Saad,35,Male,India,Laptop,140000,15,2023-09-01,4.9
228,Nimra,26,Female,UK,Tablet,77000,10,2023-09-03,4.3
229,Imran,31,Male,Pakistan,Phone,61000,5,2023-09-05,4.0
230,Sara,24,Female,India,Laptop,123000,,2023-09-07,4.7
231,Ahmed,33,Male,UK,Tablet,88000,15,2023-09-09,4.5
232,Areeba,27,Female,Pakistan,Phone,53000,5,2023-09-11,3.8
233,Hassan,30,Male,India,Laptop,,10,2023-09-13,4.6
234,Zara,25,Female,UK,Tablet,76000,10,2023-09-15,4.2
235,Usman,32,Male,Pakistan,Phone,97000,20,2023-09-17,4.9
236,Maryam,28,Female,India,Laptop,121000,10,2023-09-19,
237,Kamran,34,Male,UK,Tablet,84000,15,2023-09-21,4.1
238,Sana,26,Female,Pakistan,Phone,56000,5,2023-09-23,4.4
239,Farhan,29,Male,India,Laptop,135000,10,2023-09-25,4.8
240,Mehak,27,Female,UK,Tablet,79000,,2023-09-27,4.3
241,Arif,31,Male,Pakistan,Phone,92000,20,2023-09-29,4.9
242,Hina,24,Female,India,Laptop,117000,10,2023-10-01,4.6
243,Kamran,33,Male,UK,Tablet,86000,15,2023-10-03,4.2
244,Sana,27,Female,Pakistan,Phone,,5,2023-10-05,4.1
245,Farhan,29,Male,India,Laptop,128000,10,2023-10-07,4.7
246,Mehak,28,Female,UK,Tablet,80000,10,2023-10-09,4.3
247,Usama,30,Male,Pakistan,Phone,60000,5,2023-10-11,4.0
248,Aiman,26,Female,India,Laptop,126000,,2023-10-13,4.9
249,Rizwan,34,Male,UK,Tablet,91000,15,2023-10-15,4.4
250,Sobia,25,Female,Pakistan,Phone,54000,5,2023-10-17,3.9
251,Ali,27,Male,India,Laptop,132000,10,2023-10-19,4.8
252,Zainab,30,Female,UK,Tablet,79000,10,2023-10-21,4.5
253,Omar,32,Male,Pakistan,Phone,98000,20,2023-10-23,4.9
254,Hira,26,Female,India,Laptop,120000,10,2023-10-25,4.6
255,Bilal,28,Male,UK,Tablet,,15,2023-10-27,4.2
256,Ayesha,29,Female,Pakistan,Phone,59000,5,2023-10-29,4.1
257,Saad,35,Male,India,Laptop,142000,15,2023-10-31,4.9
258,Nimra,26,Female,UK,Tablet,77000,10,2023-11-02,4.3
259,Imran,31,Male,Pakistan,Phone,62000,5,2023-11-04,4.0
260,Sara,24,Female,India,Laptop,124000,10,2023-11-06,4.7
261,Ahmed,33,Male,UK,Tablet,89000,15,2023-11-08,4.5
262,Areeba,27,Female,Pakistan,Phone,55000,5,2023-11-10,3.8
263,Hassan,30,Male,India,Laptop,119000,10,2023-11-12,4.6
264,Zara,25,Female,UK,Tablet,76000,10,2023-11-14,4.2
265,Usman,32,Male,Pakistan,Phone,97000,20,2023-11-16,4.9
266,Maryam,28,Female,India,Laptop,121000,,2023-11-18,4.7
267,Kamran,34,Male,UK,Tablet,84000,15,2023-11-20,4.1
268,Sana,26,Female,Pakistan,Phone,57000,5,2023-11-22,4.4
269,Farhan,29,Male,India,Laptop,136000,10,2023-11-24,4.8
270,Mehak,27,Female,UK,Tablet,79000,10,2023-11-26,4.3
271,Arif,31,Male,Pakistan,Phone,93000,20,2023-11-28,4.9
272,Hina,24,Female,India,Laptop,118000,10,2023-11-30,4.6
273,Kamran,33,Male,UK,Tablet,87000,15,2023-12-02,4.2
274,Sana,27,Female,Pakistan,Phone,61000,5,2023-12-04,4.1
275,Farhan,29,Male,India,Laptop,129000,10,2023-12-06,4.7
276,Mehak,28,Female,UK,Tablet,81000,,2023-12-08,4.3
277,Usama,30,Male,Pakistan,Phone,60000,5,2023-12-10,4.0
278,Aiman,26,Female,India,Laptop,127000,10,2023-12-12,4.9
279,Rizwan,34,Male,UK,Tablet,92000,15,2023-12-14,4.4
280,Sobia,25,Female,Pakistan,Phone,56000,5,2023-12-16,3.9
281,Ali,27,Male,India,Laptop,133000,10,2023-12-18,4.8
282,Zainab,30,Female,UK,Tablet,80000,10,2023-12-20,4.5
283,Omar,32,Male,Pakistan,Phone,99000,20,2023-12-22,4.9
284,Hira,26,Female,India,Laptop,121000,10,2023-12-24,4.6
285,Bilal,28,Male,UK,Tablet,82000,15,2023-12-26,4.2
286,Ayesha,29,Female,Pakistan,Phone,60000,5,2023-12-28,4.1
287,Saad,35,Male,India,Laptop,145000,15,2023-12-30,4.9
288,Nimra,26,Female,UK,Tablet,78000,10,2024-01-01,4.3
289,Imran,31,Male,Pakistan,Phone,63000,5,2024-01-03,4.0
290,Sara,24,Female,India,Laptop,125000,,2024-01-05,4.7
291,Ahmed,33,Male,UK,Tablet,90000,15,2024-01-07,4.5
292,Areeba,27,Female,Pakistan,Phone,56000,5,2024-01-09,3.8
293,Hassan,30,Male,India,Laptop,120000,10,2024-01-11,4.6
294,Zara,25,Female,UK,Tablet,77000,10,2024-01-13,4.2
295,Usman,32,Male,Pakistan,Phone,98000,20,2024-01-15,4.9
296,Maryam,28,Female,India,Laptop,122000,10,2024-01-17,4.7
297,Kamran,34,Male,UK,Tablet,85000,15,2024-01-19,4.1
298,Sana,26,Female,Pakistan,Phone,58000,5,2024-01-21,4.4
299,Farhan,29,Male,India,Laptop,137000,10,2024-01-23,4.8
300,Mehak,27,Female,UK,Tablet,80000,10,2024-01-25,4.3
301,Arif,31,Male,Pakistan,Phone,94000,20,2024-01-27,4.9
302,Hina,24,Female,India,Laptop,119000,10,2024-01-29,4.6
303,Kamran,33,Male,UK,Tablet,88000,15,2024-01-31,4.2
304,Sana,27,Female,Pakistan,Phone,62000,5,2024-02-02,4.1
305,Farhan,29,Male,India,Laptop,130000,10,2024-02-04,4.7
306,Mehak,28,Female,UK,Tablet,82000,,2024-02-06,4.3
307,Usama,30,Male,Pakistan,Phone,61000,5,2024-02-08,4.0
308,Aiman,26,Female,India,Laptop,128000,10,2024-02-10,4.9
309,Rizwan,34,Male,UK,Tablet,93000,15,2024-02-12,4.4
310,Sobia,25,Female,Pakistan,Phone,57000,5,2024-02-14,3.9
311,Ali,28,Male,Pakistan,Phone,61000,5,2024-02-16,4.3
312,Sara,24,Female,India,Laptop,126000,10,2024-02-18,4.7
313,Usman,32,Male,UK,Tablet,88000,15,2024-02-20,4.2
314,Ayesha,29,Female,Pakistan,Phone,59000,5,2024-02-22,4.1
315,Hassan,30,Male,India,Laptop,121000,,2024-02-24,4.6
316,Zara,25,Female,UK,Tablet,78000,10,2024-02-26,4.2
317,Ahmed,33,Male,Pakistan,Phone,,5,2024-02-28,4.0
318,Noor,26,Female,India,Laptop,129000,10,2024-03-01,4.8
319,Imran,31,Male,UK,Tablet,90000,15,2024-03-03,
320,Sobia,25,Female,Pakistan,Phone,54000,5,2024-03-05,3.9
321,Arif,28,Male,India,Laptop,133000,10,2024-03-07,4.9
322,Hina,,Female,UK,Tablet,82000,10,2024-03-09,4.3
323,Kamran,34,Male,Pakistan,Phone,95000,20,2024-03-11,4.8
324,Sana,27,Female,India,Laptop,120000,10,2024-03-13,4.6
325,Farhan,29,Male,UK,Tablet,79000,,2024-03-15,4.3
326,Mehak,28,Female,Pakistan,Phone,60000,5,2024-03-17,4.1
327,Usama,30,Male,India,Laptop,137000,10,2024-03-19,4.9
328,Aiman,26,Female,UK,Tablet,81000,10,2024-03-21,4.4
329,Rizwan,34,Male,Pakistan,Phone,92000,20,2024-03-23,4.7
330,Sobia,25,Female,India,Laptop,124000,10,2024-03-25,4.6
331,Ali,27,Male,UK,Tablet,85000,15,2024-03-27,4.2
332,Zainab,30,Female,Pakistan,Phone,57000,5,2024-03-29,4.0
333,Omar,32,Male,India,Laptop,,10,2024-03-31,4.5
334,Hira,26,Female,UK,Tablet,77000,10,2024-04-02,4.2
335,Bilal,28,Male,Pakistan,Phone,98000,20,2024-04-04,4.9
336,Ayesha,29,Female,India,Laptop,123000,,2024-04-06,4.7
337,Saad,35,Male,UK,Tablet,86000,15,2024-04-08,4.1
338,Nimra,26,Female,Pakistan,Phone,56000,5,2024-04-10,4.0
339,Imran,31,Male,India,Laptop,138000,10,2024-04-12,4.8
340,Sara,24,Female,UK,Tablet,80000,10,2024-04-14,4.3
341,Ahmed,33,Male,Pakistan,Phone,96000,20,2024-04-16,4.9
342,Areeba,27,Female,India,Laptop,122000,10,2024-04-18,4.6
343,Hassan,30,Male,UK,Tablet,84000,15,2024-04-20,4.2
344,Zara,25,Female,Pakistan,Phone,61000,5,2024-04-22,4.1
345,Usman,32,Male,India,Laptop,130000,10,2024-04-24,4.7
346,Maryam,28,Female,UK,Tablet,82000,,2024-04-26,4.3
347,Kamran,34,Male,Pakistan,Phone,93000,20,2024-04-28,4.8
348,Sana,27,Female,India,Laptop,121000,10,2024-04-30,4.6
349,Farhan,29,Male,UK,Tablet,79000,10,2024-05-02,4.3
350,Mehak,28,Female,Pakistan,Phone,,5,2024-05-04,4.0
351,Arif,31,Male,India,Laptop,135000,10,2024-05-06,4.9
352,Hina,24,Female,UK,Tablet,81000,10,2024-05-08,4.4
353,Kamran,33,Male,Pakistan,Phone,94000,20,2024-05-10,4.8
354,Sana,27,Female,India,Laptop,123000,10,2024-05-12,4.6
355,Farhan,29,Male,UK,Tablet,80000,,2024-05-14,4.3
356,Mehak,28,Female,Pakistan,Phone,60000,5,2024-05-16,4.1
357,Usama,30,Male,India,Laptop,139000,10,2024-05-18,4.9
358,Aiman,26,Female,UK,Tablet,83000,10,2024-05-20,4.4
359,Rizwan,34,Male,Pakistan,Phone,91000,20,2024-05-22,4.7
360,Sobia,25,Female,India,Laptop,125000,10,2024-05-24,4.6
361,Ali,27,Male,UK,Tablet,86000,15,2024-05-26,4.2
362,Zainab,30,Female,Pakistan,Phone,58000,5,2024-05-28,4.0
363,Omar,32,Male,India,Laptop,127000,10,2024-05-30,4.5
364,Hira,26,Female,UK,Tablet,,10,2024-06-01,4.3
365,Bilal,28,Male,Pakistan,Phone,99000,20,2024-06-03,4.9
366,Ayesha,29,Female,India,Laptop,124000,,2024-06-05,4.7
367,Saad,35,Male,UK,Tablet,87000,15,2024-06-07,4.1
368,Nimra,26,Female,Pakistan,Phone,57000,5,2024-06-09,4.0
369,Imran,31,Male,India,Laptop,140000,10,2024-06-11,4.8
370,Sara,24,Female,UK,Tablet,82000,10,2024-06-13,4.3
371,Ahmed,33,Male,Pakistan,Phone,97000,20,2024-06-15,4.9
372,Areeba,27,Female,India,Laptop,123000,10,2024-06-17,4.6
373,Hassan,30,Male,UK,Tablet,85000,15,2024-06-19,4.2
374,Zara,25,Female,Pakistan,Phone,62000,5,2024-06-21,4.1
375,Usman,32,Male,India,Laptop,131000,10,2024-06-23,4.7
376,Maryam,28,Female,UK,Tablet,83000,,2024-06-25,4.3
377,Kamran,34,Male,Pakistan,Phone,94000,20,2024-06-27,4.8
378,Sana,27,Female,India,Laptop,122000,10,2024-06-29,4.6
379,Farhan,29,Male,UK,Tablet,81000,10,2024-07-01,4.3
380,Mehak,28,Female,Pakistan,Phone,61000,5,2024-07-03,4.1
381,Arif,31,Male,India,Laptop,136000,10,2024-07-05,4.9
382,Hina,24,Female,UK,Tablet,82000,10,2024-07-07,4.4
383,Kamran,33,Male,Pakistan,Phone,95000,20,2024-07-09,4.8
384,Sana,27,Female,India,Laptop,124000,10,2024-07-11,4.6
385,Farhan,29,Male,UK,Tablet,80000,,2024-07-13,4.3
386,Mehak,28,Female,Pakistan,Phone,,5,2024-07-15,4.0
387,Usama,30,Male,India,Laptop,140000,10,2024-07-17,4.9
388,Aiman,26,Female,UK,Tablet,84000,10,2024-07-19,4.4
389,Rizwan,34,Male,Pakistan,Phone,92000,20,2024-07-21,4.7
390,Sobia,25,Female,India,Laptop,126000,10,2024-07-23,4.6
391,Ali,27,Male,UK,Tablet,87000,15,2024-07-25,4.2
392,Zainab,30,Female,Pakistan,Phone,59000,5,2024-07-27,4.0
393,Omar,32,Male,India,Laptop,128000,10,2024-07-29,4.5
394,Hira,26,Female,UK,Tablet,79000,10,2024-07-31,4.3
395,Bilal,28,Male,Pakistan,Phone,100000,20,2024-08-02,4.9
396,Ayesha,29,Female,India,Laptop,125000,,2024-08-04,4.7
397,Saad,35,Male,UK,Tablet,88000,15,2024-08-06,4.1
398,Nimra,26,Female,Pakistan,Phone,58000,5,2024-08-08,4.0
399,Imran,31,Male,India,Laptop,141000,10,2024-08-10,4.8
400,Sara,24,Female,UK,Tablet,83000,10,2024-08-12,4.3
401,Ahmed,33,Male,Pakistan,Phone,98000,20,2024-08-14,4.9
402,Areeba,27,Female,India,Laptop,124000,10,2024-08-16,4.6
403,Hassan,30,Male,UK,Tablet,86000,15,2024-08-18,4.2
404,Zara,25,Female,Pakistan,Phone,63000,5,2024-08-20,4.1
405,Usman,32,Male,India,Laptop,132000,10,2024-08-22,4.7
406,Maryam,28,Female,UK,Tablet,84000,,2024-08-24,4.3
407,Kamran,34,Male,Pakistan,Phone,95000,20,2024-08-26,4.8
408,Sana,27,Female,India,Laptop,123000,10,2024-08-28,4.6
409,Farhan,29,Male,UK,Tablet,82000,10,2024-08-30,4.3
410,Mehak,28,Female,Pakistan,Phone,62000,5,2024-09-01,4.1
411,Ali,28,Male,Pakistan,Phone,61500,5,2024-09-03,4.3
412,Sara,24,Female,India,Laptop,127000,10,2024-09-05,4.7
413,Usman,32,Male,UK,Tablet,88500,15,2024-09-07,4.2
414,Ayesha,29,Female,Pakistan,Phone,59500,5,2024-09-09,4.1
415,Hassan,30,Male,India,Laptop,122000,,2024-09-11,4.6
416,Zara,25,Female,UK,Tablet,78500,10,2024-09-13,4.2
417,Ahmed,33,Male,Pakistan,Phone,,5,2024-09-15,4.0
418,Noor,26,Female,India,Laptop,130000,10,2024-09-17,4.8
419,Imran,31,Male,UK,Tablet,90500,15,2024-09-19,
420,Sobia,25,Female,Pakistan,Phone,54500,5,2024-09-21,3.9
421,Arif,28,Male,India,Laptop,134000,10,2024-09-23,4.9
422,Hina,27,Female,UK,Tablet,82500,10,2024-09-25,4.3
423,Kamran,34,Male,Pakistan,Phone,95500,20,2024-09-27,4.8
424,Sana,27,Female,India,Laptop,121000,10,2024-09-29,4.6
425,Farhan,29,Male,UK,Tablet,79500,,2024-10-01,4.3
426,Mehak,28,Female,Pakistan,Phone,60500,5,2024-10-03,4.1
427,Usama,30,Male,India,Laptop,138000,10,2024-10-05,4.9
428,Aiman,26,Female,UK,Tablet,81500,10,2024-10-07,4.4
429,Rizwan,34,Male,Pakistan,Phone,92500,20,2024-10-09,4.7
430,Sobia,25,Female,India,Laptop,125000,10,2024-10-11,4.6
431,Ali,27,Male,UK,Tablet,85500,15,2024-10-13,4.2
432,Zainab,30,Female,Pakistan,Phone,57500,5,2024-10-15,4.0
433,Omar,32,Male,India,Laptop,,10,2024-10-17,4.5
434,Hira,26,Female,UK,Tablet,77500,10,2024-10-19,4.2
435,Bilal,28,Male,Pakistan,Phone,98500,20,2024-10-21,4.9
436,Ayesha,29,Female,India,Laptop,124000,,2024-10-23,4.7
437,Saad,35,Male,UK,Tablet,86500,15,2024-10-25,4.1
438,Nimra,26,Female,Pakistan,Phone,56500,5,2024-10-27,4.0
439,Imran,31,Male,India,Laptop,139000,10,2024-10-29,4.8
440,Sara,24,Female,UK,Tablet,80500,10,2024-10-31,4.3
441,Ahmed,33,Male,Pakistan,Phone,96500,20,2024-11-02,4.9
442,Areeba,27,Female,India,Laptop,123000,10,2024-11-04,4.6
443,Hassan,30,Male,UK,Tablet,84500,15,2024-11-06,4.2
444,Zara,25,Female,Pakistan,Phone,61500,5,2024-11-08,4.1
445,Usman,32,Male,India,Laptop,131000,10,2024-11-10,4.7
446,Maryam,28,Female,UK,Tablet,82500,,2024-11-12,4.3
447,Kamran,34,Male,Pakistan,Phone,93500,20,2024-11-14,4.8
448,Sana,27,Female,India,Laptop,122000,10,2024-11-16,4.6
449,Farhan,29,Male,UK,Tablet,79500,10,2024-11-18,4.3
450,Mehak,28,Female,Pakistan,Phone,,5,2024-11-20,4.0
451,Arif,31,Male,India,Laptop,136000,10,2024-11-22,4.9
452,Hina,24,Female,UK,Tablet,81500,10,2024-11-24,4.4
453,Kamran,33,Male,Pakistan,Phone,94500,20,2024-11-26,4.8
454,Sana,27,Female,India,Laptop,124000,10,2024-11-28,4.6
455,Farhan,29,Male,UK,Tablet,80500,,2024-11-30,4.3
456,Mehak,28,Female,Pakistan,Phone,60500,5,2024-12-02,4.1
457,Usama,30,Male,India,Laptop,140000,10,2024-12-04,4.9
458,Aiman,26,Female,UK,Tablet,83500,10,2024-12-06,4.4
459,Rizwan,34,Male,Pakistan,Phone,91500,20,2024-12-08,4.7
460,Sobia,25,Female,India,Laptop,126000,10,2024-12-10,4.6
461,Ali,27,Male,UK,Tablet,86500,15,2024-12-12,4.2
462,Zainab,30,Female,Pakistan,Phone,58500,5,2024-12-14,4.0
463,Omar,32,Male,India,Laptop,128000,10,2024-12-16,4.5
464,Hira,26,Female,UK,Tablet,78500,10,2024-12-18,4.3
465,Bilal,28,Male,Pakistan,Phone,100500,20,2024-12-20,4.9
466,Ayesha,29,Female,India,Laptop,125000,,2024-12-22,4.7
467,Saad,35,Male,UK,Tablet,87500,15,2024-12-24,4.1
468,Nimra,26,Female,Pakistan,Phone,57500,5,2024-12-26,4.0
469,Imran,31,Male,India,Laptop,141000,10,2024-12-28,4.8
470,Sara,24,Female,UK,Tablet,82500,10,2024-12-30,4.3
471,Ahmed,33,Male,Pakistan,Phone,97500,20,2025-01-01,4.9
472,Areeba,27,Female,India,Laptop,124000,10,2025-01-03,4.6
473,Hassan,30,Male,UK,Tablet,85500,15,2025-01-05,4.2
474,Zara,25,Female,Pakistan,Phone,63500,5,2025-01-07,4.1
475,Usman,32,Male,India,Laptop,132000,10,2025-01-09,4.7
476,Maryam,28,Female,UK,Tablet,84500,,2025-01-11,4.3
477,Kamran,34,Male,Pakistan,Phone,95500,20,2025-01-13,4.8
478,Sana,27,Female,India,Laptop,123000,10,2025-01-15,4.6
479,Farhan,29,Male,UK,Tablet,81500,10,2025-01-17,4.3
480,Mehak,28,Female,Pakistan,Phone,61500,5,2025-01-19,4.1
481,Arif,31,Male,India,Laptop,137000,10,2025-01-21,4.9
482,Hina,24,Female,UK,Tablet,82500,10,2025-01-23,4.4
483,Kamran,33,Male,Pakistan,Phone,96500,20,2025-01-25,4.8
484,Sana,27,Female,India,Laptop,125000,10,2025-01-27,4.6
485,Farhan,29,Male,UK,Tablet,80500,,2025-01-29,4.3
486,Mehak,28,Female,Pakistan,Phone,,5,2025-01-31,4.0
487,Usama,30,Male,India,Laptop,142000,10,2025-02-02,4.9
488,Aiman,26,Female,UK,Tablet,84500,10,2025-02-04,4.4
489,Rizwan,34,Male,Pakistan,Phone,92500,20,2025-02-06,4.7
490,Sobia,25,Female,India,Laptop,127000,10,2025-02-08,4.6
491,Ali,27,Male,UK,Tablet,87500,15,2025-02-10,4.2
492,Zainab,30,Female,Pakistan,Phone,59500,5,2025-02-12,4.0
493,Omar,32,Male,India,Laptop,129000,10,2025-02-14,4.5
494,Hira,26,Female,UK,Tablet,79500,10,2025-02-16,4.3
495,Bilal,28,Male,Pakistan,Phone,101000,20,2025-02-18,4.9
496,Ayesha,29,Female,India,Laptop,126000,,2025-02-20,4.7
497,Saad,35,Male,UK,Tablet,88500,15,2025-02-22,4.1
498,Nimra,26,Female,Pakistan,Phone,58500,5,2025-02-24,4.0
499,Imran,31,Male,India,Laptop,142000,10,2025-02-26,4.8
500,Sara,24,Female,UK,Tablet,83500,10,2025-02-28,4.3
501,Ahmed,33,Male,Pakistan,Phone,98500,20,2025-03-02,4.9
502,Areeba,27,Female,India,Laptop,125000,10,2025-03-04,4.6
503,Hassan,30,Male,UK,Tablet,86500,15,2025-03-06,4.2
504,Zara,25,Female,Pakistan,Phone,64500,5,2025-03-08,4.1
505,Usman,32,Male,India,Laptop,133000,10,2025-03-10,4.7
506,Maryam,28,Female,UK,Tablet,85500,,2025-03-12,4.3
507,Kamran,34,Male,Pakistan,Phone,96500,20,2025-03-14,4.8
508,Sana,27,Female,India,Laptop,124000,10,2025-03-16,4.6
509,Farhan,29,Male,UK,Tablet,82500,10,2025-03-18,4.3
510,Mehak,28,Female,Pakistan,Phone,62500,5,2025-03-20,4.1
511,Arif,31,Male,India,Laptop,138000,10,2025-03-22,4.9
512,Hina,24,Female,UK,Tablet,83500,10,2025-03-24,4.4
513,Kamran,33,Male,Pakistan,Phone,97500,20,2025-03-26,4.8
514,Sana,27,Female,India,Laptop,126000,10,2025-03-28,4.6
515,Farhan,29,Male,UK,Tablet,81500,,2025-03-30,4.3
516,Mehak,28,Female,Pakistan,Phone,,5,2025-04-01,4.0
517,Usama,30,Male,India,Laptop,143000,10,2025-04-03,4.9
518,Aiman,26,Female,UK,Tablet,85500,10,2025-04-05,4.4
519,Rizwan,34,Male,Pakistan,Phone,93500,20,2025-04-07,4.7
520,Sobia,25,Female,India,Laptop,128000,10,2025-04-09,4.6
521,Ali,27,Male,UK,Tablet,88500,15,2025-04-11,4.2
522,Zainab,30,Female,Pakistan,Phone,60500,5,2025-04-13,4.0
523,Omar,32,Male,India,Laptop,130000,10,2025-04-15,4.5
524,Hira,26,Female,UK,Tablet,80500,10,2025-04-17,4.3
525,Bilal,28,Male,Pakistan,Phone,102000,20,2025-04-19,4.9
526,Ayesha,29,Female,India,Laptop,127000,,2025-04-21,4.7
527,Saad,35,Male,UK,Tablet,89500,15,2025-04-23,4.1
528,Nimra,26,Female,Pakistan,Phone,59500,5,2025-04-25,4.0
529,Imran,31,Male,India,Laptop,143000,10,2025-04-27,4.8
530,Sara,24,Female,UK,Tablet,84500,10,2025-04-29,4.3
531,Ahmed,33,Male,Pakistan,Phone,99500,20,2025-05-01,4.9
532,Areeba,27,Female,India,Laptop,126000,10,2025-05-03,4.6
533,Hassan,30,Male,UK,Tablet,87500,15,2025-05-05,4.2
534,Zara,25,Female,Pakistan,Phone,65500,5,2025-05-07,4.1
535,Usman,32,Male,India,Laptop,134000,10,2025-05-09,4.7
536,Maryam,28,Female,UK,Tablet,86500,,2025-05-11,4.3
537,Kamran,34,Male,Pakistan,Phone,97500,20,2025-05-13,4.8
538,Sana,27,Female,India,Laptop,125000,10,2025-05-15,4.6
539,Farhan,29,Male,UK,Tablet,83500,10,2025-05-17,4.3
540,Mehak,28,Female,Pakistan,Phone,63500,5,2025-05-19,4.1
541,Arif,31,Male,India,Laptop,139000,10,2025-05-21,4.9
542,Hina,24,Female,UK,Tablet,84500,10,2025-05-23,4.4
543,Kamran,33,Male,Pakistan,Phone,98500,20,2025-05-25,4.8
544,Sana,27,Female,India,Laptop,127000,10,2025-05-27,4.6
545,Farhan,29,Male,UK,Tablet,82500,,2025-05-29,4.3
546,Mehak,28,Female,Pakistan,Phone,,5,2025-05-31,4.0
547,Usama,30,Male,India,Laptop,144000,10,2025-06-02,4.9
548,Aiman,26,Female,UK,Tablet,86500,10,2025-06-04,4.4
549,Rizwan,34,Male,Pakistan,Phone,94500,20,2025-06-06,4.7
550,Sobia,25,Female,India,Laptop,129000,10,2025-06-08,4.6
551,Ali,27,Male,UK,Tablet,89500,15,2025-06-10,4.2
552,Zainab,30,Female,Pakistan,Phone,61500,5,2025-06-12,4.0
553,Omar,32,Male,India,Laptop,131000,10,2025-06-14,4.5
554,Hira,26,Female,UK,Tablet,81500,10,2025-06-16,4.3
555,Bilal,28,Male,Pakistan,Phone,103000,20,2025-06-18,4.9
556,Ayesha,29,Female,India,Laptop,128000,,2025-06-20,4.7
557,Saad,35,Male,UK,Tablet,90500,15,2025-06-22,4.1
558,Nimra,26,Female,Pakistan,Phone,60500,5,2025-06-24,4.0
559,Imran,31,Male,India,Laptop,144000,10,2025-06-26,4.8
560,Sara,24,Female,UK,Tablet,85500,10,2025-06-28,4.3
561,Ali,28,Male,Pakistan,Phone,62000,5,2025-06-30,4.3
562,Sara,24,Female,India,Laptop,129000,10,2025-07-02,4.7
563,Usman,32,Male,UK,Tablet,89500,15,2025-07-04,4.2
564,Ayesha,29,Female,Pakistan,Phone,60500,5,2025-07-06,4.1
565,Hassan,30,Male,India,Laptop,123000,,2025-07-08,4.6
566,Zara,25,Female,UK,Tablet,79500,10,2025-07-10,4.2
567,Ahmed,33,Male,Pakistan,Phone,96500,20,2025-07-12,4.8
568,Noor,26,Female,India,Laptop,131000,10,2025-07-14,4.8
569,Imran,31,Male,UK,Tablet,91000,15,2025-07-16,
570,Sobia,25,Female,Pakistan,Phone,55000,5,2025-07-18,3.9
571,Arif,28,Male,India,Laptop,135000,10,2025-07-20,4.9
572,Hina,27,Female,UK,Tablet,83500,10,2025-07-22,4.3
573,Kamran,34,Male,Pakistan,Phone,97500,20,2025-07-24,4.8
574,Sana,27,Female,India,Laptop,122000,10,2025-07-26,4.6
575,Farhan,29,Male,UK,Tablet,80500,,2025-07-28,4.3
576,Mehak,28,Female,Pakistan,Phone,61500,5,2025-07-30,4.1
577,Usama,30,Male,India,Laptop,139000,10,2025-08-01,4.9
578,Aiman,26,Female,UK,Tablet,82000,10,2025-08-03,4.4
579,Rizwan,34,Male,Pakistan,Phone,93000,20,2025-08-05,4.7
580,Sobia,25,Female,India,Laptop,126000,10,2025-08-07,4.6
581,Ali,27,Male,UK,Tablet,88000,15,2025-08-09,4.2
582,Zainab,30,Female,Pakistan,Phone,59500,5,2025-08-11,4.0
583,Omar,32,Male,India,Laptop,129000,10,2025-08-13,4.5
584,Hira,26,Female,UK,Tablet,81500,10,2025-08-15,4.3
585,Bilal,28,Male,Pakistan,Phone,101000,20,2025-08-17,4.9
586,Ayesha,29,Female,India,Laptop,127000,,2025-08-19,4.7
587,Saad,35,Male,UK,Tablet,89000,15,2025-08-21,4.1
588,Nimra,26,Female,Pakistan,Phone,58500,5,2025-08-23,4.0
589,Imran,31,Male,India,Laptop,142000,10,2025-08-25,4.8
590,Sara,24,Female,UK,Tablet,84500,10,2025-08-27,4.3
591,Ahmed,33,Male,Pakistan,Phone,99500,20,2025-08-29,4.9
592,Areeba,27,Female,India,Laptop,126000,10,2025-08-31,4.6
593,Hassan,30,Male,UK,Tablet,87000,15,2025-09-02,4.2
594,Zara,25,Female,Pakistan,Phone,64500,5,2025-09-04,4.1
595,Usman,32,Male,India,Laptop,133000,10,2025-09-06,4.7
596,Maryam,28,Female,UK,Tablet,85500,,2025-09-08,4.3
597,Kamran,34,Male,Pakistan,Phone,97500,20,2025-09-10,4.8
598,Sana,27,Female,India,Laptop,124000,10,2025-09-12,4.6
599,Farhan,29,Male,UK,Tablet,83500,10,2025-09-14,4.3
600,Mehak,28,Female,Pakistan,Phone,62500,5,2025-09-16,4.1
601,Arif,31,Male,India,Laptop,140000,10,2025-09-18,4.9
602,Hina,24,Female,UK,Tablet,85000,10,2025-09-20,4.4
603,Kamran,33,Male,Pakistan,Phone,98500,20,2025-09-22,4.8
604,Sana,27,Female,India,Laptop,127000,10,2025-09-24,4.6
605,Farhan,29,Male,UK,Tablet,81500,,2025-09-26,4.3
606,Mehak,28,Female,Pakistan,Phone,63500,5,2025-09-28,4.1
607,Usama,30,Male,India,Laptop,143000,10,2025-09-30,4.9
608,Aiman,26,Female,UK,Tablet,86500,10,2025-10-02,4.4
609,Rizwan,34,Male,Pakistan,Phone,94500,20,2025-10-04,4.7
610,Sobia,25,Female,India,Laptop,128000,10,2025-10-06,4.6
611,Ali,27,Male,UK,Tablet,89500,15,2025-10-08,4.2
612,Zainab,30,Female,Pakistan,Phone,61500,5,2025-10-10,4.0
613,Omar,32,Male,India,Laptop,130000,10,2025-10-12,4.5
614,Hira,26,Female,UK,Tablet,82500,10,2025-10-14,4.3
615,Bilal,28,Male,Pakistan,Phone,102000,20,2025-10-16,4.9
616,Ayesha,29,Female,India,Laptop,129000,,2025-10-18,4.7
617,Saad,35,Male,UK,Tablet,90500,15,2025-10-20,4.1
618,Nimra,26,Female,Pakistan,Phone,59500,5,2025-10-22,4.0
619,Imran,31,Male,India,Laptop,144000,10,2025-10-24,4.8
620,Sara,24,Female,UK,Tablet,85500,10,2025-10-26,4.3
621,Ahmed,33,Male,Pakistan,Phone,100500,20,2025-10-28,4.9
622,Areeba,27,Female,India,Laptop,127000,10,2025-10-30,4.6
623,Hassan,30,Male,UK,Tablet,88000,15,2025-11-01,4.2
624,Zara,25,Female,Pakistan,Phone,65500,5,2025-11-03,4.1
625,Usman,32,Male,India,Laptop,134000,10,2025-11-05,4.7
626,Maryam,28,Female,UK,Tablet,86500,,2025-11-07,4.3
627,Kamran,34,Male,Pakistan,Phone,98500,20,2025-11-09,4.8
628,Sana,27,Female,India,Laptop,125000,10,2025-11-11,4.6
629,Farhan,29,Male,UK,Tablet,84500,10,2025-11-13,4.3
630,Mehak,28,Female,Pakistan,Phone,64500,5,2025-11-15,4.1
631,Arif,31,Male,India,Laptop,141000,10,2025-11-17,4.9
632,Hina,24,Female,UK,Tablet,86000,10,2025-11-19,4.4
633,Kamran,33,Male,Pakistan,Phone,99500,20,2025-11-21,4.8
634,Sana,27,Female,India,Laptop,128000,10,2025-11-23,4.6
635,Farhan,29,Male,UK,Tablet,82500,,2025-11-25,4.3
636,Mehak,28,Female,Pakistan,Phone,65500,5,2025-11-27,4.1
637,Usama,30,Male,India,Laptop,145000,10,2025-11-29,4.9
638,Aiman,26,Female,UK,Tablet,87500,10,2025-12-01,4.4
639,Rizwan,34,Male,Pakistan,Phone,95500,20,2025-12-03,4.7
640,Sobia,25,Female,India,Laptop,130000,10,2025-12-05,4.6
641,Ali,27,Male,UK,Tablet,90500,15,2025-12-07,4.2
642,Zainab,30,Female,Pakistan,Phone,62500,5,2025-12-09,4.0
643,Omar,32,Male,India,Laptop,132000,10,2025-12-11,4.5
644,Hira,26,Female,UK,Tablet,83500,10,2025-12-13,4.3
645,Bilal,28,Male,Pakistan,Phone,103500,20,2025-12-15,4.9
646,Ayesha,29,Female,India,Laptop,131000,,2025-12-17,4.7
647,Saad,35,Male,UK,Tablet,91500,15,2025-12-19,4.1
648,Nimra,26,Female,Pakistan,Phone,60500,5,2025-12-21,4.0
649,Imran,31,Male,India,Laptop,145000,10,2025-12-23,4.8
650,Sara,24,Female,UK,Tablet,86500,10,2025-12-25,4.3
651,Ahmed,33,Male,Pakistan,Phone,101500,20,2025-12-27,4.9
652,Areeba,27,Female,India,Laptop,129000,10,2025-12-29,4.6
653,Hassan,30,Male,UK,Tablet,89500,15,2025-12-31,4.2
654,Zara,25,Female,Pakistan,Phone,66500,5,2026-01-02,4.1
655,Usman,32,Male,India,Laptop,135000,10,2026-01-04,4.7
656,Maryam,28,Female,UK,Tablet,87500,,2026-01-06,4.3
657,Kamran,34,Male,Pakistan,Phone,99500,20,2026-01-08,4.8
658,Sana,27,Female,India,Laptop,126000,10,2026-01-10,4.6
659,Farhan,29,Male,UK,Tablet,85500,10,2026-01-12,4.3
660,Mehak,28,Female,Pakistan,Phone,65500,5,2026-01-14,4.1
661,Arif,31,Male,India,Laptop,142000,10,2026-01-16,4.9
662,Hina,24,Female,UK,Tablet,87000,10,2026-01-18,4.4
663,Kamran,33,Male,Pakistan,Phone,100500,20,2026-01-20,4.8
664,Sana,27,Female,India,Laptop,129000,10,2026-01-22,4.6
665,Farhan,29,Male,UK,Tablet,83500,,2026-01-24,4.3
666,Mehak,28,Female,Pakistan,Phone,66500,5,2026-01-26,4.1
667,Usama,30,Male,India,Laptop,146000,10,2026-01-28,4.9
668,Aiman,26,Female,UK,Tablet,88500,10,2026-01-30,4.4
669,Rizwan,34,Male,Pakistan,Phone,96500,20,2026-02-01,4.7
670,Sobia,25,Female,India,Laptop,131000,10,2026-02-03,4.6
671,Ali,27,Male,UK,Tablet,91500,15,2026-02-05,4.2
672,Zainab,30,Female,Pakistan,Phone,63500,5,2026-02-07,4.0
673,Omar,32,Male,India,Laptop,133000,10,2026-02-09,4.5
674,Hira,26,Female,UK,Tablet,84500,10,2026-02-11,4.3
675,Bilal,28,Male,Pakistan,Phone,104000,20,2026-02-13,4.9
676,Ayesha,29,Female,India,Laptop,132000,,2026-02-15,4.7
677,Saad,35,Male,UK,Tablet,92500,15,2026-02-17,4.1
678,Nimra,26,Female,Pakistan,Phone,61500,5,2026-02-19,4.0
679,Imran,31,Male,India,Laptop,146000,10,2026-02-21,4.8
680,Sara,24,Female,UK,Tablet,87500,10,2026-02-23,4.3
681,Ahmed,33,Male,Pakistan,Phone,102500,20,2026-02-25,4.9
682,Areeba,27,Female,India,Laptop,130000,10,2026-02-27,4.6
683,Hassan,30,Male,UK,Tablet,90500,15,2026-03-01,4.2
684,Zara,25,Female,Pakistan,Phone,67500,5,2026-03-03,4.1
685,Usman,32,Male,India,Laptop,136000,10,2026-03-05,4.7
686,Maryam,28,Female,UK,Tablet,88500,,2026-03-07,4.3
687,Kamran,34,Male,Pakistan,Phone,100500,20,2026-03-09,4.8
688,Sana,27,Female,India,Laptop,127000,10,2026-03-11,4.6
689,Farhan,29,Male,UK,Tablet,86500,10,2026-03-13,4.3
690,Mehak,28,Female,Pakistan,Phone,67500,5,2026-03-15,4.1
691,Arif,31,Male,India,Laptop,143000,10,2026-03-17,4.9
692,Hina,24,Female,UK,Tablet,88000,10,2026-03-19,4.4
693,Kamran,33,Male,Pakistan,Phone,101500,20,2026-03-21,4.8
694,Sana,27,Female,India,Laptop,130000,10,2026-03-23,4.6
695,Farhan,29,Male,UK,Tablet,84500,,2026-03-25,4.3
696,Mehak,28,Female,Pakistan,Phone,68500,5,2026-03-27,4.1
697,Usama,30,Male,India,Laptop,147000,10,2026-03-29,4.9
698,Aiman,26,Female,UK,Tablet,89500,10,2026-03-31,4.4
699,Rizwan,34,Male,Pakistan,Phone,97500,20,2026-04-02,4.7
700,Sobia,25,Female,India,Laptop,132000,10,2026-04-04,4.6
701,Ali,27,Male,UK,Tablet,92500,15,2026-04-06,4.2
702,Zainab,30,Female,Pakistan,Phone,64500,5,2026-04-08,4.0
703,Omar,32,Male,India,Laptop,134000,10,2026-04-10,4.5
704,Hira,26,Female,UK,Tablet,85500,10,2026-04-12,4.3
705,Bilal,28,Male,Pakistan,Phone,105000,20,2026-04-14,4.9
706,Ayesha,29,Female,India,Laptop,133000,,2026-04-16,4.7
707,Saad,35,Male,UK,Tablet,93500,15,2026-04-18,4.1
708,Nimra,26,Female,Pakistan,Phone,62500,5,2026-04-20,4.0
709,Imran,31,Male,India,Laptop,147000,10,2026-04-22,4.8
710,Sara,24,Female,UK,Tablet,88500,10,2026-04-24,4.3
211,Kamran,28,Male,Pakistan,Phone,55000,5,2023-08-01,4.3
212,Hina,24,Female,India,Laptop,125000,10,2023-08-03,4.8
213,Usama,,Male,UK,Tablet,72000,15,2023-08-05,4.1
214,Sana,27,Female,Pakistan,Phone,48000,5,2023-08-06,3.9
215,Faisal,31,Male,India,Laptop,,10,2023-08-07,4.6
216,Mehak,26,Female,UK,Tablet,75000,12,2023-08-08,4.2
217,Ali,25,Male,Pakistan,Phone,51000,5,2023-08-09,4.4
218,Noor,29,Female,India,Laptop,118000,,2023-08-10,4.7
219,Hassan,30,Male,UK,Tablet,80000,15,2023-08-11,
220,Ayesha,28,Female,Pakistan,Phone,47000,5,2023-08-12,3.8
221,Imran,33,Male,India,Laptop,130000,10,2023-08-13,4.9
222,Zara,26,Female,UK,Tablet,76000,12,2023-08-14,4.2
223,Usman,27,Male,Pakistan,Phone,53000,5,2023-08-15,4.0
224,Sara,,Female,India,Laptop,122000,10,2023-08-16,4.6
225,Kamran,29,Male,UK,Tablet,78000,15,2023-08-17,4.1
226,Hina,25,Female,Pakistan,Phone,50000,5,2023-08-18,4.3
227,Ali,32,Male,India,Laptop,128000,10,2023-08-19,4.8
228,Sana,27,Female,UK,Tablet,74000,12,2023-08-20,4.2
229,Faisal,30,Male,Pakistan,Phone,,5,2023-08-21,3.9
230,Mehak,26,Female,India,Laptop,119000,10,2023-08-22,4.7
231,Usama,28,Male,UK,Tablet,77000,15,2023-08-23,4.1
232,Noor,29,Female,Pakistan,Phone,49000,5,2023-08-24,4.0
233,Hassan,31,Male,India,Laptop,131000,,2023-08-25,4.9
234,Ayesha,27,Female,UK,Tablet,79000,12,2023-08-26,4.2
235,Imran,,Male,Pakistan,Phone,52000,5,2023-08-27,4.3
236,Zara,26,Female,India,Laptop,120000,10,2023-08-28,
237,Kamran,28,Male,UK,Tablet,80000,15,2023-08-29,4.1
238,Hina,25,Female,Pakistan,Phone,51000,5,2023-08-30,4.4
239,Ali,33,Male,India,Laptop,129000,10,2023-08-31,4.8
240,Sana,27,Female,UK,Tablet,76000,12,2023-09-01,4.2
241,Faisal,30,Male,Pakistan,Phone,50000,5,2023-09-02,4.0
242,Mehak,26,Female,India,Laptop,121000,10,2023-09-03,4.7
243,Usama,29,Male,UK,Tablet,,15,2023-09-04,4.1
244,Noor,28,Female,Pakistan,Phone,48000,5,2023-09-05,3.9
245,Hassan,31,Male,India,Laptop,132000,10,2023-09-06,4.9
246,Ayesha,27,Female,UK,Tablet,77000,12,2023-09-07,4.2
247,Imran,32,Male,Pakistan,Phone,53000,5,2023-09-08,4.3
248,Zara,,Female,India,Laptop,123000,10,2023-09-09,4.6
249,Kamran,28,Male,UK,Tablet,79000,15,2023-09-10,4.1
250,Hina,25,Female,Pakistan,Phone,50000,5,2023-09-11,4.3
251,Ali,30,Male,India,Laptop,127000,10,2023-09-12,4.8
252,Sana,27,Female,UK,Tablet,76000,12,2023-09-13,4.2
253,Faisal,31,Male,Pakistan,Phone,52000,,2023-09-14,4.0
254,Mehak,26,Female,India,Laptop,120000,10,2023-09-15,4.7
255,Usama,28,Male,UK,Tablet,78000,15,2023-09-16,
256,Noor,29,Female,Pakistan,Phone,49000,5,2023-09-17,4.0
257,Hassan,32,Male,India,Laptop,133000,10,2023-09-18,4.9
258,Ayesha,27,Female,UK,Tablet,80000,12,2023-09-19,4.2
259,Imran,33,Male,Pakistan,Phone,54000,5,2023-09-20,4.3
260,Zara,26,Female,India,Laptop,122000,10,2023-09-21,4.6
261,Kamran,28,Male,UK,Tablet,77000,15,2023-09-22,4.1
262,Hina,25,Female,Pakistan,Phone,,5,2023-09-23,4.3
263,Ali,31,Male,India,Laptop,128000,10,2023-09-24,4.8
264,Sana,27,Female,UK,Tablet,75000,12,2023-09-25,4.2
265,Faisal,30,Male,Pakistan,Phone,51000,5,2023-09-26,3.9
266,Mehak,26,Female,India,Laptop,121000,10,2023-09-27,4.7
267,Usama,,Male,UK,Tablet,79000,15,2023-09-28,4.1
268,Noor,28,Female,Pakistan,Phone,48000,5,2023-09-29,4.0
269,Hassan,31,Male,India,Laptop,130000,,2023-09-30,4.9
270,Ayesha,27,Female,UK,Tablet,76000,12,2023-10-01,4.2
271,Imran,32,Male,Pakistan,Phone,52000,5,2023-10-02,4.3
272,Zara,26,Female,India,Laptop,124000,10,2023-10-03,
273,Kamran,28,Male,UK,Tablet,80000,15,2023-10-04,4.1
274,Hina,25,Female,Pakistan,Phone,50000,5,2023-10-05,4.3
275,Ali,33,Male,India,Laptop,129000,10,2023-10-06,4.8
276,Sana,27,Female,UK,Tablet,77000,12,2023-10-07,4.2
277,Faisal,31,Male,Pakistan,Phone,53000,5,2023-10-08,4.0
278,Mehak,26,Female,India,Laptop,120000,10,2023-10-09,4.7
279,Usama,29,Male,UK,Tablet,78000,15,2023-10-10,4.1
280,Noor,28,Female,Pakistan,Phone,49000,5,2023-10-11,4.0
281,Hassan,32,Male,India,Laptop,131000,10,2023-10-12,4.9
282,Ayesha,27,Female,UK,Tablet,79000,12,2023-10-13,4.2
283,Imran,33,Male,Pakistan,Phone,54000,5,2023-10-14,4.3
284,Zara,26,Female,India,Laptop,123000,10,2023-10-15,4.6
285,Kamran,28,Male,UK,Tablet,,15,2023-10-16,4.1
286,Hina,25,Female,Pakistan,Phone,50000,5,2023-10-17,4.3
287,Ali,30,Male,India,Laptop,127000,10,2023-10-18,4.8
288,Sana,27,Female,UK,Tablet,76000,12,2023-10-19,4.2
289,Faisal,31,Male,Pakistan,Phone,52000,5,2023-10-20,4.0
290,Mehak,26,Female,India,Laptop,121000,10,2023-10-21,4.7
291,Usama,28,Male,UK,Tablet,78000,15,2023-10-22,
292,Noor,29,Female,Pakistan,Phone,49000,5,2023-10-23,4.0
293,Hassan,32,Male,India,Laptop,132000,10,2023-10-24,4.9
294,Ayesha,27,Female,UK,Tablet,77000,12,2023-10-25,4.2
295,Imran,33,Male,Pakistan,Phone,54000,5,2023-10-26,4.3
296,Zara,26,Female,India,Laptop,122000,10,2023-10-27,4.6
297,Kamran,28,Male,UK,Tablet,79000,15,2023-10-28,4.1
298,Hina,25,Female,Pakistan,Phone,50000,5,2023-10-29,4.3
299,Ali,31,Male,India,Laptop,128000,10,2023-10-30,4.8
300,Sana,27,Female,UK,Tablet,76000,12,2023-10-31,4.2
301,Faisal,30,Male,Pakistan,Phone,51000,5,2023-11-01,4.0
302,Mehak,26,Female,India,Laptop,120000,10,2023-11-02,4.7
303,Usama,29,Male,UK,Tablet,78000,15,2023-11-03,4.1
304,Noor,28,Female,Pakistan,Phone,49000,5,2023-11-04,4.0
305,Hassan,31,Male,India,Laptop,130000,10,2023-11-05,4.9
306,Ayesha,27,Female,UK,Tablet,79000,12,2023-11-06,4.2
307,Imran,32,Male,Pakistan,Phone,52000,5,2023-11-07,4.3
308,Zara,26,Female,India,Laptop,124000,10,2023-11-08,
309,Kamran,28,Male,UK,Tablet,80000,15,2023-11-09,4.1
310,Hina,25,Female,Pakistan,Phone,50000,5,2023-11-10,4.3
311,Ali,33,Male,India,Laptop,129000,10,2023-11-11,4.8
312,Sana,27,Female,UK,Tablet,77000,12,2023-11-12,4.2
313,Faisal,31,Male,Pakistan,Phone,53000,5,2023-11-13,4.0
314,Mehak,26,Female,India,Laptop,121000,10,2023-11-14,4.7
315,Usama,28,Male,UK,Tablet,78000,15,2023-11-15,4.1
316,Noor,29,Female,Pakistan,Phone,,5,2023-11-16,4.0
317,Hassan,32,Male,India,Laptop,132000,10,2023-11-17,4.9
318,Ayesha,27,Female,UK,Tablet,77000,12,2023-11-18,4.2
319,Imran,33,Male,Pakistan,Phone,54000,5,2023-11-19,4.3
320,Zara,26,Female,India,Laptop,123000,10,2023-11-20,4.6
321,Kamran,28,Male,UK,Tablet,79000,15,2023-11-21,4.1
322,Hina,25,Female,Pakistan,Phone,50000,5,2023-11-22,4.3
323,Ali,30,Male,India,Laptop,127000,10,2023-11-23,4.8
324,Sana,27,Female,UK,Tablet,76000,12,2023-11-24,4.2
325,Faisal,31,Male,Pakistan,Phone,52000,5,2023-11-25,4.0
326,Mehak,26,Female,India,Laptop,121000,10,2023-11-26,4.7
327,Usama,29,Male,UK,Tablet,78000,15,2023-11-27,4.1
328,Noor,28,Female,Pakistan,Phone,49000,5,2023-11-28,4.0
329,Hassan,32,Male,India,Laptop,131000,10,2023-11-29,4.9
330,Ayesha,27,Female,UK,Tablet,79000,12,2023-11-30,4.2
331,Imran,33,Male,Pakistan,Phone,54000,5,2023-12-01,4.3
332,Zara,26,Female,India,Laptop,122000,10,2023-12-02,
333,Kamran,28,Male,UK,Tablet,80000,15,2023-12-03,4.1
334,Hina,25,Female,Pakistan,Phone,50000,5,2023-12-04,4.3
335,Ali,31,Male,India,Laptop,128000,10,2023-12-05,4.8
336,Sana,27,Female,UK,Tablet,76000,12,2023-12-06,4.2
337,Faisal,30,Male,Pakistan,Phone,51000,5,2023-12-07,4.0
338,Mehak,26,Female,India,Laptop,120000,10,2023-12-08,4.7
339,Usama,28,Male,UK,Tablet,78000,15,2023-12-09,4.1
340,Noor,29,Female,Pakistan,Phone,49000,5,2023-12-10,4.0
341,Hassan,31,Male,India,Laptop,130000,10,2023-12-11,4.9
342,Ayesha,27,Female,UK,Tablet,79000,12,2023-12-12,4.2
343,Imran,32,Male,Pakistan,Phone,52000,5,2023-12-13,4.3
344,Zara,26,Female,India,Laptop,124000,10,2023-12-14,4.6
345,Kamran,28,Male,UK,Tablet,80000,15,2023-12-15,4.1
346,Hina,25,Female,Pakistan,Phone,50000,5,2023-12-16,4.3
347,Ali,33,Male,India,Laptop,129000,10,2023-12-17,4.8
348,Sana,27,Female,UK,Tablet,77000,12,2023-12-18,4.2
349,Faisal,31,Male,Pakistan,Phone,53000,5,2023-12-19,4.0
350,Mehak,26,Female,India,Laptop,121000,10,2023-12-20,4.7
351,Usama,28,Male,UK,Tablet,78000,15,2023-12-21,4.1
352,Noor,29,Female,Pakistan,Phone,49000,5,2023-12-22,4.0
353,Hassan,32,Male,India,Laptop,132000,10,2023-12-23,4.9
354,Ayesha,27,Female,UK,Tablet,77000,12,2023-12-24,4.2
355,Imran,33,Male,Pakistan,Phone,54000,5,2023-12-25,4.3
356,Zara,26,Female,India,Laptop,123000,10,2023-12-26,4.6
357,Kamran,28,Male,UK,Tablet,79000,15,2023-12-27,4.1
358,Hina,25,Female,Pakistan,Phone,50000,5,2023-12-28,4.3
359,Ali,31,Male,India,Laptop,128000,10,2023-12-29,4.8
360,Sana,27,Female,UK,Tablet,76000,12,2023-12-30,4.2
361,Ali,30,Male,Pakistan,Phone,52000,5,2024-01-01,4.3
362,Sara,27,Female,India,Laptop,125000,10,2024-01-02,4.8
363,Usman,,Male,UK,Tablet,78000,15,2024-01-03,4.1
364,Ayesha,29,Female,Pakistan,Phone,49000,5,2024-01-04,3.9
365,Hassan,32,Male,India,Laptop,,10,2024-01-05,4.7
366,Zara,26,Female,UK,Tablet,76000,12,2024-01-06,4.2
367,Imran,33,Male,Pakistan,Phone,54000,5,2024-01-07,4.4
368,Noor,28,Female,India,Laptop,120000,,2024-01-08,4.6
369,Kamran,31,Male,UK,Tablet,80000,15,2024-01-09,
370,Hina,25,Female,Pakistan,Phone,50000,5,2024-01-10,4.3
371,Ali,30,Male,India,Laptop,127000,10,2024-01-11,4.8
372,Sana,27,Female,UK,Tablet,77000,12,2024-01-12,4.2
373,Faisal,31,Male,Pakistan,Phone,,5,2024-01-13,4.0
374,Mehak,26,Female,India,Laptop,121000,10,2024-01-14,4.7
375,Usama,29,Male,UK,Tablet,78000,15,2024-01-15,4.1
376,Noor,28,Female,Pakistan,Phone,49000,5,2024-01-16,4.0
377,Hassan,32,Male,India,Laptop,130000,10,2024-01-17,4.9
378,Ayesha,27,Female,UK,Tablet,79000,12,2024-01-18,4.2
379,Imran,33,Male,Pakistan,Phone,54000,5,2024-01-19,4.3
380,Zara,26,Female,India,Laptop,123000,10,2024-01-20,4.6
381,Kamran,28,Male,UK,Tablet,80000,15,2024-01-21,4.1
382,Hina,25,Female,Pakistan,Phone,50000,5,2024-01-22,4.3
383,Ali,31,Male,India,Laptop,128000,10,2024-01-23,4.8
384,Sana,27,Female,UK,Tablet,76000,12,2024-01-24,4.2
385,Faisal,30,Male,Pakistan,Phone,51000,5,2024-01-25,4.0
386,Mehak,26,Female,India,Laptop,120000,10,2024-01-26,4.7
387,Usama,28,Male,UK,Tablet,,15,2024-01-27,4.1
388,Noor,29,Female,Pakistan,Phone,49000,5,2024-01-28,4.0
389,Hassan,31,Male,India,Laptop,131000,10,2024-01-29,4.9
390,Ayesha,27,Female,UK,Tablet,77000,12,2024-01-30,4.2
391,Imran,32,Male,Pakistan,Phone,52000,5,2024-01-31,4.3
392,Zara,26,Female,India,Laptop,124000,10,2024-02-01,4.6
393,Kamran,28,Male,UK,Tablet,79000,15,2024-02-02,4.1
394,Hina,25,Female,Pakistan,Phone,50000,5,2024-02-03,4.3
395,Ali,33,Male,India,Laptop,129000,10,2024-02-04,4.8
396,Sana,27,Female,UK,Tablet,76000,12,2024-02-05,4.2
397,Faisal,31,Male,Pakistan,Phone,53000,5,2024-02-06,4.0
398,Mehak,26,Female,India,Laptop,121000,10,2024-02-07,4.7
399,Usama,29,Male,UK,Tablet,78000,15,2024-02-08,4.1
400,Noor,28,Female,Pakistan,Phone,,5,2024-02-09,4.0
401,Hassan,32,Male,India,Laptop,132000,10,2024-02-10,4.9
402,Ayesha,27,Female,UK,Tablet,77000,12,2024-02-11,4.2
403,Imran,33,Male,Pakistan,Phone,54000,5,2024-02-12,4.3
404,Zara,26,Female,India,Laptop,122000,10,2024-02-13,
405,Kamran,28,Male,UK,Tablet,80000,15,2024-02-14,4.1
406,Hina,25,Female,Pakistan,Phone,50000,5,2024-02-15,4.3
407,Ali,30,Male,India,Laptop,127000,10,2024-02-16,4.8
408,Sana,27,Female,UK,Tablet,76000,12,2024-02-17,4.2
409,Faisal,31,Male,Pakistan,Phone,52000,5,2024-02-18,4.0
410,Mehak,26,Female,India,Laptop,121000,10,2024-02-19,4.7
411,Usama,28,Male,UK,Tablet,78000,15,2024-02-20,4.1
412,Noor,29,Female,Pakistan,Phone,49000,5,2024-02-21,4.0
413,Hassan,32,Male,India,Laptop,130000,10,2024-02-22,4.9
414,Ayesha,27,Female,UK,Tablet,79000,12,2024-02-23,4.2
415,Imran,33,Male,Pakistan,Phone,54000,5,2024-02-24,4.3
416,Zara,26,Female,India,Laptop,123000,10,2024-02-25,4.6
417,Kamran,28,Male,UK,Tablet,,15,2024-02-26,4.1
418,Hina,25,Female,Pakistan,Phone,50000,5,2024-02-27,4.3
419,Ali,31,Male,India,Laptop,128000,10,2024-02-28,4.8
420,Sana,27,Female,UK,Tablet,76000,12,2024-02-29,4.2
421,Faisal,30,Male,Pakistan,Phone,51000,5,2024-03-01,4.0
422,Mehak,26,Female,India,Laptop,120000,10,2024-03-02,4.7
423,Usama,29,Male,UK,Tablet,78000,15,2024-03-03,4.1
424,Noor,28,Female,Pakistan,Phone,49000,5,2024-03-04,4.0
425,Hassan,31,Male,India,Laptop,131000,10,2024-03-05,4.9
426,Ayesha,27,Female,UK,Tablet,77000,12,2024-03-06,4.2
427,Imran,32,Male,Pakistan,Phone,52000,5,2024-03-07,4.3
428,Zara,26,Female,India,Laptop,124000,10,2024-03-08,4.6
429,Kamran,28,Male,UK,Tablet,80000,15,2024-03-09,4.1
430,Hina,25,Female,Pakistan,Phone,50000,5,2024-03-10,4.3
431,Ali,33,Male,India,Laptop,129000,10,2024-03-11,4.8
432,Sana,27,Female,UK,Tablet,76000,12,2024-03-12,4.2
433,Faisal,31,Male,Pakistan,Phone,53000,5,2024-03-13,4.0
434,Mehak,26,Female,India,Laptop,121000,10,2024-03-14,4.7
435,Usama,28,Male,UK,Tablet,78000,15,2024-03-15,4.1
436,Noor,29,Female,Pakistan,Phone,,5,2024-03-16,4.0
437,Hassan,32,Male,India,Laptop,132000,10,2024-03-17,4.9
438,Ayesha,27,Female,UK,Tablet,77000,12,2024-03-18,4.2
439,Imran,33,Male,Pakistan,Phone,54000,5,2024-03-19,4.3
440,Zara,26,Female,India,Laptop,122000,10,2024-03-20,4.6
441,Kamran,28,Male,UK,Tablet,79000,15,2024-03-21,4.1
442,Hina,25,Female,Pakistan,Phone,50000,5,2024-03-22,4.3
443,Ali,30,Male,India,Laptop,127000,10,2024-03-23,4.8
444,Sana,27,Female,UK,Tablet,76000,12,2024-03-24,4.2
445,Faisal,31,Male,Pakistan,Phone,52000,5,2024-03-25,4.0
446,Mehak,26,Female,India,Laptop,121000,10,2024-03-26,4.7
447,Usama,29,Male,UK,Tablet,78000,15,2024-03-27,4.1
448,Noor,28,Female,Pakistan,Phone,49000,5,2024-03-28,4.0
449,Hassan,32,Male,India,Laptop,131000,10,2024-03-29,4.9
450,Ayesha,27,Female,UK,Tablet,79000,12,2024-03-30,4.2
451,Imran,33,Male,Pakistan,Phone,54000,5,2024-03-31,4.3
452,Zara,26,Female,India,Laptop,123000,10,2024-04-01,
453,Kamran,28,Male,UK,Tablet,80000,15,2024-04-02,4.1
454,Hina,25,Female,Pakistan,Phone,50000,5,2024-04-03,4.3
455,Ali,31,Male,India,Laptop,128000,10,2024-04-04,4.8
456,Sana,27,Female,UK,Tablet,76000,12,2024-04-05,4.2
457,Faisal,30,Male,Pakistan,Phone,51000,5,2024-04-06,4.0
458,Mehak,26,Female,India,Laptop,120000,10,2024-04-07,4.7
459,Usama,28,Male,UK,Tablet,78000,15,2024-04-08,4.1
460,Noor,29,Female,Pakistan,Phone,49000,5,2024-04-09,4.0
461,Hassan,31,Male,India,Laptop,130000,10,2024-04-10,4.9
462,Ayesha,27,Female,UK,Tablet,79000,12,2024-04-11,4.2
463,Imran,32,Male,Pakistan,Phone,52000,5,2024-04-12,4.3
464,Zara,26,Female,India,Laptop,124000,10,2024-04-13,4.6
465,Kamran,28,Male,UK,Tablet,80000,15,2024-04-14,4.1
466,Hina,25,Female,Pakistan,Phone,50000,5,2024-04-15,4.3
467,Ali,33,Male,India,Laptop,129000,10,2024-04-16,4.8
468,Sana,27,Female,UK,Tablet,76000,12,2024-04-17,4.2
469,Faisal,31,Male,Pakistan,Phone,53000,5,2024-04-18,4.0
470,Mehak,26,Female,India,Laptop,121000,10,2024-04-19,4.7
471,Usama,28,Male,UK,Tablet,,15,2024-04-20,4.1
472,Noor,29,Female,Pakistan,Phone,49000,5,2024-04-21,4.0
473,Hassan,32,Male,India,Laptop,132000,10,2024-04-22,4.9
474,Ayesha,27,Female,UK,Tablet,77000,12,2024-04-23,4.2
475,Imran,33,Male,Pakistan,Phone,54000,5,2024-04-24,4.3
476,Zara,26,Female,India,Laptop,122000,10,2024-04-25,4.6
477,Kamran,28,Male,UK,Tablet,79000,15,2024-04-26,4.1
478,Hina,25,Female,Pakistan,Phone,50000,5,2024-04-27,4.3
479,Ali,30,Male,India,Laptop,127000,10,2024-04-28,4.8
480,Sana,27,Female,UK,Tablet,76000,12,2024-04-29,4.2
481,Faisal,31,Male,Pakistan,Phone,52000,5,2024-04-30,4.0
482,Mehak,26,Female,India,Laptop,121000,10,2024-05-01,4.7
483,Usama,29,Male,UK,Tablet,78000,15,2024-05-02,4.1
484,Noor,28,Female,Pakistan,Phone,49000,5,2024-05-03,4.0
485,Hassan,31,Male,India,Laptop,131000,10,2024-05-04,4.9
486,Ayesha,27,Female,UK,Tablet,79000,12,2024-05-05,4.2
487,Imran,32,Male,Pakistan,Phone,52000,5,2024-05-06,4.3
488,Zara,26,Female,India,Laptop,124000,10,2024-05-07,4.6
489,Kamran,28,Male,UK,Tablet,80000,15,2024-05-08,4.1
490,Hina,25,Female,Pakistan,Phone,50000,5,2024-05-09,4.3
491,Ali,33,Male,India,Laptop,129000,10,2024-05-10,4.8
492,Sana,27,Female,UK,Tablet,76000,12,2024-05-11,4.2
493,Faisal,31,Male,Pakistan,Phone,53000,5,2024-05-12,4.0
494,Mehak,26,Female,India,Laptop,121000,10,2024-05-13,4.7
495,Usama,28,Male,UK,Tablet,78000,15,2024-05-14,4.1
496,Noor,29,Female,Pakistan,Phone,,5,2024-05-15,4.0
497,Hassan,32,Male,India,Laptop,132000,10,2024-05-16,4.9
498,Ayesha,27,Female,UK,Tablet,77000,12,2024-05-17,4.2
499,Imran,33,Male,Pakistan,Phone,54000,5,2024-05-18,4.3
500,Zara,26,Female,India,Laptop,122000,10,2024-05-19,4.6
501,Kamran,28,Male,UK,Tablet,79000,15,2024-05-20,4.1
502,Hina,25,Female,Pakistan,Phone,50000,5,2024-05-21,4.3
503,Ali,31,Male,India,Laptop,128000,10,2024-05-22,4.8
504,Sana,27,Female,UK,Tablet,76000,12,2024-05-23,4.2
505,Faisal,30,Male,Pakistan,Phone,51000,5,2024-05-24,4.0
506,Mehak,26,Female,India,Laptop,120000,10,2024-05-25,4.7
507,Usama,28,Male,UK,Tablet,78000,15,2024-05-26,4.1
508,Noor,29,Female,Pakistan,Phone,49000,5,2024-05-27,4.0
509,Hassan,31,Male,India,Laptop,130000,10,2024-05-28,4.9
510,Ayesha,27,Female,UK,Tablet,79000,12,2024-05-29,4.2
511,Imran,32,Male,Pakistan,Phone,52000,5,2024-05-30,4.3
512,Zara,26,Female,India,Laptop,124000,10,2024-05-31,4.6
513,Kamran,28,Male,UK,Tablet,80000,15,2024-06-01,4.1
514,Hina,25,Female,Pakistan,Phone,50000,5,2024-06-02,4.3
515,Ali,33,Male,India,Laptop,129000,10,2024-06-03,4.8
516,Sana,27,Female,UK,Tablet,76000,12,2024-06-04,4.2
517,Faisal,31,Male,Pakistan,Phone,53000,5,2024-06-05,4.0
518,Mehak,26,Female,India,Laptop,121000,10,2024-06-06,4.7
519,Usama,29,Male,UK,Tablet,78000,15,2024-06-07,4.1
520,Noor,28,Female,Pakistan,Phone,49000,5,2024-06-08,4.0
521,Hassan,32,Male,India,Laptop,132000,10,2024-06-09,4.9
522,Ayesha,27,Female,UK,Tablet,77000,12,2024-06-10,4.2
523,Imran,33,Male,Pakistan,Phone,54000,5,2024-06-11,4.3
524,Zara,26,Female,India,Laptop,122000,10,2024-06-12,4.6
525,Kamran,28,Male,UK,Tablet,,15,2024-06-13,4.1
526,Hina,25,Female,Pakistan,Phone,50000,5,2024-06-14,4.3
527,Ali,30,Male,India,Laptop,127000,10,2024-06-15,4.8
528,Sana,27,Female,UK,Tablet,76000,12,2024-06-16,4.2
529,Faisal,31,Male,Pakistan,Phone,52000,5,2024-06-17,4.0
530,Mehak,26,Female,India,Laptop,121000,10,2024-06-18,4.7
531,Usama,28,Male,UK,Tablet,78000,15,2024-06-19,4.1
532,Noor,29,Female,Pakistan,Phone,49000,5,2024-06-20,4.0
533,Hassan,31,Male,India,Laptop,131000,10,2024-06-21,4.9
534,Ayesha,27,Female,UK,Tablet,79000,12,2024-06-22,4.2
535,Imran,32,Male,Pakistan,Phone,52000,5,2024-06-23,4.3
536,Zara,26,Female,India,Laptop,124000,10,2024-06-24,4.6
537,Kamran,28,Male,UK,Tablet,80000,15,2024-06-25,4.1
538,Hina,25,Female,Pakistan,Phone,50000,5,2024-06-26,4.3
539,Ali,33,Male,India,Laptop,129000,10,2024-06-27,4.8
540,Sana,27,Female,UK,Tablet,76000,12,2024-06-28,4.2
541,Faisal,31,Male,Pakistan,Phone,53000,5,2024-06-29,4.0
542,Mehak,26,Female,India,Laptop,121000,10,2024-06-30,4.7
543,Usama,29,Male,UK,Tablet,78000,15,2024-07-01,4.1
544,Noor,28,Female,Pakistan,Phone,,5,2024-07-02,4.0
545,Hassan,32,Male,India,Laptop,132000,10,2024-07-03,4.9
546,Ayesha,27,Female,UK,Tablet,77000,12,2024-07-04,4.2
547,Imran,33,Male,Pakistan,Phone,54000,5,2024-07-05,4.3
548,Zara,26,Female,India,Laptop,122000,10,2024-07-06,4.6
549,Kamran,28,Male,UK,Tablet,79000,15,2024-07-07,4.1
550,Hina,25,Female,Pakistan,Phone,50000,5,2024-07-08,4.3
551,Ali,31,Male,India,Laptop,128000,10,2024-07-09,4.8
552,Sana,27,Female,UK,Tablet,76000,12,2024-07-10,4.2
553,Faisal,30,Male,Pakistan,Phone,51000,5,2024-07-11,4.0
554,Mehak,26,Female,India,Laptop,120000,10,2024-07-12,4.7
555,Usama,28,Male,UK,Tablet,78000,15,2024-07-13,4.1
556,Noor,29,Female,Pakistan,Phone,49000,5,2024-07-14,4.0
557,Hassan,31,Male,India,Laptop,130000,10,2024-07-15,4.9
558,Ayesha,27,Female,UK,Tablet,79000,12,2024-07-16,4.2
559,Imran,32,Male,Pakistan,Phone,52000,5,2024-07-17,4.3
560,Zara,26,Female,India,Laptop,124000,10,2024-07-18,4.6
561,Kamran,28,Male,UK,Tablet,80000,15,2024-07-19,4.1
562,Hina,25,Female,Pakistan,Phone,50000,5,2024-07-20,4.3
563,Ali,33,Male,India,Laptop,129000,10,2024-07-21,4.8
564,Sana,27,Female,UK,Tablet,76000,12,2024-07-22,4.2
565,Faisal,31,Male,Pakistan,Phone,53000,5,2024-07-23,4.0
566,Mehak,26,Female,India,Laptop,121000,10,2024-07-24,4.7
567,Usama,28,Male,UK,Tablet,78000,15,2024-07-25,4.1
568,Noor,29,Female,Pakistan,Phone,49000,5,2024-07-26,4.0
569,Hassan,32,Male,India,Laptop,132000,10,2024-07-27,4.9
570,Ayesha,27,Female,UK,Tablet,77000,12,2024-07-28,4.2
571,Imran,33,Male,Pakistan,Phone,54000,5,2024-07-29,4.3
572,Zara,26,Female,India,Laptop,122000,10,2024-07-30,4.6
573,Kamran,28,Male,UK,Tablet,79000,15,2024-07-31,4.1
574,Hina,25,Female,Pakistan,Phone,50000,5,2024-08-01,4.3
575,Ali,30,Male,India,Laptop,127000,10,2024-08-02,4.8
576,Sana,27,Female,UK,Tablet,76000,12,2024-08-03,4.2
577,Faisal,31,Male,Pakistan,Phone,52000,5,2024-08-04,4.0
578,Mehak,26,Female,India,Laptop,121000,10,2024-08-05,4.7
579,Usama,28,Male,UK,Tablet,78000,15,2024-08-06,4.1
580,Noor,29,Female,Pakistan,Phone,49000,5,2024-08-07,4.0
581,Hassan,32,Male,India,Laptop,131000,10,2024-08-08,4.9
582,Ayesha,27,Female,UK,Tablet,79000,12,2024-08-09,4.2
583,Imran,33,Male,Pakistan,Phone,54000,5,2024-08-10,4.3
584,Zara,26,Female,India,Laptop,123000,10,2024-08-11,4.6
585,Kamran,28,Male,UK,Tablet,80000,15,2024-08-12,4.1
586,Hina,25,Female,Pakistan,Phone,50000,5,2024-08-13,4.3
587,Ali,31,Male,India,Laptop,128000,10,2024-08-14,4.8
588,Sana,27,Female,UK,Tablet,76000,12,2024-08-15,4.2
589,Faisal,30,Male,Pakistan,Phone,51000,5,2024-08-16,4.0
590,Mehak,26,Female,India,Laptop,120000,10,2024-08-17,4.7
591,Usama,28,Male,UK,Tablet,78000,15,2024-08-18,4.1
592,Noor,29,Female,Pakistan,Phone,,5,2024-08-19,4.0
593,Hassan,31,Male,India,Laptop,130000,10,2024-08-20,4.9
594,Ayesha,27,Female,UK,Tablet,79000,12,2024-08-21,4.2
595,Imran,32,Male,Pakistan,Phone,52000,5,2024-08-22,4.3
596,Zara,26,Female,India,Laptop,124000,10,2024-08-23,4.6
597,Kamran,28,Male,UK,Tablet,80000,15,2024-08-24,4.1
598,Hina,25,Female,Pakistan,Phone,50000,5,2024-08-25,4.3
599,Ali,33,Male,India,Laptop,129000,10,2024-08-26,4.8
600,Sana,27,Female,UK,Tablet,76000,12,2024-08-27,4.2
601,Faisal,31,Male,Pakistan,Phone,53000,5,2024-08-28,4.0
602,Mehak,26,Female,India,Laptop,121000,10,2024-08-29,4.7
603,Usama,29,Male,UK,Tablet,78000,15,2024-08-30,4.1
604,Noor,28,Female,Pakistan,Phone,49000,5,2024-08-31,4.0
605,Hassan,32,Male,India,Laptop,132000,10,2024-09-01,4.9
606,Ayesha,27,Female,UK,Tablet,77000,12,2024-09-02,4.2
607,Imran,33,Male,Pakistan,Phone,54000,5,2024-09-03,4.3
608,Zara,26,Female,India,Laptop,122000,10,2024-09-04,
609,Kamran,28,Male,UK,Tablet,79000,15,2024-09-05,4.1
610,Hina,25,Female,Pakistan,Phone,50000,5,2024-09-06,4.3
611,Ali,30,Male,India,Laptop,127000,10,2024-09-07,4.8
612,Sana,27,Female,UK,Tablet,76000,12,2024-09-08,4.2
613,Faisal,31,Male,Pakistan,Phone,52000,5,2024-09-09,4.0
614,Mehak,26,Female,India,Laptop,121000,10,2024-09-10,4.7
615,Usama,28,Male,UK,Tablet,78000,15,2024-09-11,4.1
616,Noor,29,Female,Pakistan,Phone,49000,5,2024-09-12,4.0
617,Hassan,31,Male,India,Laptop,131000,10,2024-09-13,4.9
618,Ayesha,27,Female,UK,Tablet,79000,12,2024-09-14,4.2
619,Imran,32,Male,Pakistan,Phone,52000,5,2024-09-15,4.3
620,Zara,26,Female,India,Laptop,124000,10,2024-09-16,4.6
621,Kamran,28,Male,UK,Tablet,80000,15,2024-09-17,4.1
622,Hina,25,Female,Pakistan,Phone,50000,5,2024-09-18,4.3
623,Ali,33,Male,India,Laptop,129000,10,2024-09-19,4.8
624,Sana,27,Female,UK,Tablet,76000,12,2024-09-20,4.2
625,Faisal,31,Male,Pakistan,Phone,53000,5,2024-09-21,4.0
626,Mehak,26,Female,India,Laptop,121000,10,2024-09-22,4.7
627,Usama,29,Male,UK,Tablet,78000,15,2024-09-23,4.1
628,Noor,28,Female,Pakistan,Phone,49000,5,2024-09-24,4.0
629,Hassan,32,Male,India,Laptop,132000,10,2024-09-25,4.9
630,Ayesha,27,Female,UK,Tablet,77000,12,2024-09-26,4.2
631,Imran,33,Male,Pakistan,Phone,54000,5,2024-09-27,4.3
632,Zara,26,Female,India,Laptop,122000,10,2024-09-28,4.6
633,Kamran,28,Male,UK,Tablet,79000,15,2024-09-29,4.1
634,Hina,25,Female,Pakistan,Phone,50000,5,2024-09-30,4.3
635,Ali,31,Male,India,Laptop,128000,10,2024-10-01,4.8
636,Sana,27,Female,UK,Tablet,76000,12,2024-10-02,4.2
637,Faisal,30,Male,Pakistan,Phone,51000,5,2024-10-03,4.0
638,Mehak,26,Female,India,Laptop,120000,10,2024-10-04,4.7
639,Usama,28,Male,UK,Tablet,78000,15,2024-10-05,4.1
640,Noor,29,Female,Pakistan,Phone,49000,5,2024-10-06,4.0
641,Hassan,31,Male,India,Laptop,130000,10,2024-10-07,4.9
642,Ayesha,27,Female,UK,Tablet,79000,12,2024-10-08,4.2
643,Imran,32,Male,Pakistan,Phone,52000,5,2024-10-09,4.3
644,Zara,26,Female,India,Laptop,124000,10,2024-10-10,4.6
645,Kamran,28,Male,UK,Tablet,80000,15,2024-10-11,4.1
646,Hina,25,Female,Pakistan,Phone,50000,5,2024-10-12,4.3
647,Ali,33,Male,India,Laptop,129000,10,2024-10-13,4.8
648,Sana,27,Female,UK,Tablet,76000,12,2024-10-14,4.2
649,Faisal,31,Male,Pakistan,Phone,53000,5,2024-10-15,4.0
650,Mehak,26,Female,India,Laptop,121000,10,2024-10-16,4.7
651,Usama,29,Male,UK,Tablet,78000,15,2024-10-17,4.1
652,Noor,28,Female,Pakistan,Phone,49000,5,2024-10-18,4.0
653,Hassan,32,Male,India,Laptop,132000,10,2024-10-19,4.9
654,Ayesha,27,Female,UK,Tablet,77000,12,2024-10-20,4.2
655,Imran,33,Male,Pakistan,Phone,54000,5,2024-10-21,4.3
656,Zara,26,Female,India,Laptop,122000,10,2024-10-22,4.6
657,Kamran,28,Male,UK,Tablet,79000,15,2024-10-23,4.1
658,Hina,25,Female,Pakistan,Phone,50000,5,2024-10-24,4.3
659,Ali,30,Male,India,Laptop,127000,10,2024-10-25,4.8
660,Sana,27,Female,UK,Tablet,76000,12,2024-10-26,4.2
211,Saad,28,Male,Pakistan,Phone,60000,10,2023-08-12,4.3
212,Hina,26,Female,India,Laptop,125000,12,2023-08-15,4.7
213,Kamran,33,Male,UK,Tablet,82000,15,2023-08-18,4.0
214,Maria,,Female,Pakistan,Phone,55000,5,2023-08-20,3.8
215,Omar,29,Male,India,Laptop,,10,2023-08-22,4.6
216,Areeba,27,Female,UK,Tablet,75000,,2023-08-25,4.1
217,Shahzaib,31,Male,Pakistan,Phone,95000,20,2023-08-27,4.9
218,Laiba,25,Female,India,Laptop,118000,10,2023-08-29,5
219,Usama,30,Male,UK,Tablet,78000,15,2023-09-01,
220,Sonia,28,Female,Pakistan,Phone,52000,5,2023-09-03,4.2
221,Fahad,34,Male,India,Laptop,130000,12,2023-09-05,4.8
222,Sara,26,Female,UK,Tablet,80000,10,2023-09-07,4.4
223,Ali,27,Male,Pakistan,Phone,61000,5,2023-09-10,4.0
224,Nimra,,Female,India,Laptop,122000,15,2023-09-12,4.6
225,Hassan,32,Male,UK,Tablet,85000,10,2023-09-14,4.3
226,Zoya,29,Female,Pakistan,Phone,58000,,2023-09-16,4.1
227,Rehan,30,Male,India,Laptop,127000,12,2023-09-18,4.9
228,Ayesha,28,Female,UK,Tablet,79000,15,2023-09-20,4.2
229,Imran,31,Male,Pakistan,Phone,,10,2023-09-22,4.0
230,Maham,27,Female,India,Laptop,119000,10,2023-09-24,4.7
231,Usman,33,Male,UK,Tablet,86000,15,2023-09-26,4.5
232,Noor,26,Female,Pakistan,Phone,54000,5,2023-09-28,3.9
233,Ahmed,30,Male,India,Laptop,123000,,2023-09-30,4.6
234,Sana,28,Female,UK,Tablet,77000,10,2023-10-02,4.3
235,Kamran,31,Male,Pakistan,Phone,92000,20,2023-10-04,4.8
236,Hina,25,Female,India,Laptop,115000,12,2023-10-06,
237,Omar,34,Male,UK,Tablet,88000,15,2023-10-08,4.4
238,Laiba,27,Female,Pakistan,Phone,60000,5,2023-10-10,4.2
239,Fahad,32,Male,India,Laptop,128000,10,2023-10-12,4.9
240,Sonia,29,Female,UK,Tablet,,15,2023-10-14,4.1
241,Saad,30,Male,Pakistan,Phone,65000,10,2023-10-16,4.3
242,Zara,26,Female,India,Laptop,121000,12,2023-10-18,4.7
243,Usama,33,Male,UK,Tablet,84000,15,2023-10-20,4.5
244,Maria,28,Female,Pakistan,Phone,57000,5,2023-10-22,4.0
245,Shahzaib,31,Male,India,Laptop,126000,10,2023-10-24,4.8
246,Areeba,27,Female,UK,Tablet,81000,,2023-10-26,4.2
247,Hassan,34,Male,Pakistan,Phone,94000,20,2023-10-28,4.9
248,Nimra,26,Female,India,Laptop,117000,12,2023-10-30,4.6
249,Rehan,30,Male,UK,Tablet,87000,15,2023-11-01,4.4