,TransactionID,UserID,Age,TransactionAmount,TransactionType,Location,DeviceType,AccountBalance,IsForeignTransaction,TimeOfDay,Fraud,HighValue,ForeignRisk,NightRisk
0,T001,U01,25,5000.0,Online,Karachi,Mobile,20000.0,0,Night,0,0,0,1
1,T002,U02,30,200000.0,Online,London,Laptop,500000.0,1,Night,1,1,1,1
2,T003,U03,22,1500.0,POS,Karachi,Mobile,15000.0,0,Afternoon,0,0,0,0
3,T004,U04,45,300000.0,Online,Dubai,Laptop,1000000.0,1,Night,1,1,1,1
4,T005,U05,28,7000.0,POS,Karachi,Mobile,25000.0,0,Evening,0,0,0,0
5,T006,U06,35,500000.0,Online,USA,Laptop,800000.0,1,Night,1,1,1,1
6,T007,U07,29,4000.0,POS,Lahore,Mobile,18000.0,0,Morning,0,0,0,0
7,T008,U08,31,100000.0,Online,Karachi,Laptop,120000.0,0,Night,1,0,0,1
8,T009,U09,26,6000.0,POS,Karachi,Mobile,22000.0,0,Afternoon,0,0,0,0
9,T010,U10,40,250000.0,Online,UK,Laptop,600000.0,1,Night,1,1,1,1
10,T011,U11,27,8000.0,POS,Karachi,Mobile,30000.0,0,Morning,0,0,0,0
11,T012,U12,33,120000.0,Online,USA,Laptop,400000.0,1,Night,1,1,1,1
12,T013,U13,24,3500.0,POS,Lahore,Mobile,20000.0,0,Afternoon,0,0,0,0
13,T014,U14,38,450000.0,Online,Dubai,Laptop,900000.0,1,Night,1,1,1,1
14,T015,U15,29,6000.0,POS,Karachi,Mobile,25000.0,0,Evening,0,0,0,0
15,T016,U16,41,220000.0,Online,UK,Laptop,700000.0,1,Night,1,1,1,1
16,T017,U17,26,5000.0,POS,Karachi,Mobile,18000.0,0,Morning,0,0,0,0
17,T018,U18,34,150000.0,Online,London,Laptop,500000.0,1,Night,1,1,1,1
18,T019,U19,30,7000.0,POS,Lahore,Mobile,24000.0,0,Afternoon,0,0,0,0
19,T020,U20,45,320000.0,Online,USA,Laptop,850000.0,1,Night,1,1,1,1
20,T021,U21,28,9000.0,POS,Karachi,Mobile,27000.0,0,Evening,0,0,0,0
21,T022,U22,36,180000.0,Online,Dubai,Laptop,600000.0,1,Night,1,1,1,1
22,T023,U23,25,4000.0,POS,Karachi,Mobile,16000.0,0,Morning,0,0,0,0
23,T024,U24,39,260000.0,Online,UK,Laptop,750000.0,1,Night,1,1,1,1
24,T025,U25,31,6500.0,POS,Lahore,Mobile,21000.0,0,Afternoon,0,0,0,0
25,T026,U26,42,500000.0,Online,USA,Laptop,950000.0,1,Night,1,1,1,1
26,T027,U27,27,7500.0,POS,Karachi,Mobile,26000.0,0,Evening,0,0,0,0
27,T028,U28,33,140000.0,Online,London,Laptop,480000.0,1,Night,1,1,1,1
28,T029,U29,29,5200.0,POS,Karachi,Mobile,19000.0,0,Morning,0,0,0,0
29,T030,U30,37,300000.0,Online,Dubai,Laptop,880000.0,1,Night,1,1,1,1
30,T031,U31,26,6800.0,POS,Lahore,Mobile,23000.0,0,Afternoon,0,0,0,0
31,T032,U32,44,410000.0,Online,USA,Laptop,990000.0,1,Night,1,1,1,1
32,T033,U33,28,8200.0,POS,Karachi,Mobile,28000.0,0,Evening,0,0,0,0
33,T034,U34,35,170000.0,Online,UK,Laptop,650000.0,1,Night,1,1,1,1
34,T035,U35,23,3000.0,POS,Karachi,Mobile,15000.0,0,Morning,0,0,0,0
35,T036,U36,40,240000.0,Online,London,Laptop,720000.0,1,Night,1,1,1,1
36,T037,U37,32,7200.0,POS,Lahore,Mobile,22000.0,0,Afternoon,0,0,0,0
37,T038,U38,46,520000.0,Online,USA,Laptop,1000000.0,1,Night,1,1,1,1
38,T039,U39,27,6100.0,POS,Karachi,Mobile,20000.0,0,Evening,0,0,0,0
39,T040,U40,34,190000.0,Online,Dubai,Laptop,560000.0,1,Night,1,1,1,1
40,T041,U41,30,7800.0,POS,Lahore,Mobile,25000.0,0,Morning,0,0,0,0
41,T042,U42,41,280000.0,Online,UK,Laptop,800000.0,1,Night,1,1,1,1
42,T043,U43,25,4500.0,POS,Karachi,Mobile,17000.0,0,Afternoon,0,0,0,0
43,T044,U44,39,360000.0,Online,USA,Laptop,920000.0,1,Night,1,1,1,1
44,T045,U45,28,9200.0,POS,Karachi,Mobile,30000.0,0,Evening,0,0,0,0
45,T046,U46,36,210000.0,Online,London,Laptop,680000.0,1,Night,1,1,1,1
46,T047,U47,31,5000.0,POS,Lahore,Mobile,21000.0,0,Morning,0,0,0,0
47,T048,U48,43,470000.0,Online,Dubai,Laptop,980000.0,1,Night,1,1,1,1
48,T049,U49,26,6400.0,POS,Karachi,Mobile,23000.0,0,Afternoon,0,0,0,0
49,T050,U50,38,250000.0,Online,USA,Laptop,760000.0,1,Night,1,1,1,1
50,T051,U51,29,8100.0,POS,Karachi,Mobile,26000.0,0,Evening,0,0,0,0
51,T052,U52,35,160000.0,Online,UK,Laptop,600000.0,1,Night,1,1,1,1
52,T053,U53,24,4200.0,POS,Lahore,Mobile,18000.0,0,Morning,0,0,0,0
53,T054,U54,40,390000.0,Online,London,Laptop,870000.0,1,Night,1,1,1,1
54,T055,U55,27,7000.0,POS,Karachi,Mobile,24000.0,0,Afternoon,0,0,0,0
55,T056,U56,42,540000.0,Online,USA,Laptop,1000000.0,1,Night,1,1,1,1
56,T057,U57,30,8800.0,POS,Karachi,Mobile,31000.0,0,Evening,0,0,0,0
57,T058,U58,33,200000.0,Online,Dubai,Laptop,710000.0,1,Night,1,1,1,1
58,T059,U59,25,3600.0,POS,Lahore,Mobile,16000.0,0,Morning,0,0,0,0
59,T060,U60,37,330000.0,Online,UK,Laptop,840000.0,1,Night,1,1,1,1
60,T061,U61,28,9100.0,POS,Karachi,Mobile,29000.0,0,Afternoon,0,0,0,0
61,T062,U62,45,600000.0,Online,USA,Laptop,1200000.0,1,Night,1,1,1,1
62,T063,U63,26,5200.0,POS,Karachi,Mobile,20000.0,0,Evening,0,0,0,0
63,T064,U64,34,230000.0,Online,London,Laptop,690000.0,1,Night,1,1,1,1
64,T065,U65,31,7500.0,POS,Lahore,Mobile,25000.0,0,Morning,0,0,0,0
65,T066,U66,39,410000.0,Online,Dubai,Laptop,950000.0,1,Night,1,1,1,1
66,T067,U67,27,6800.0,POS,Karachi,Mobile,22000.0,0,Afternoon,0,0,0,0
67,T068,U68,41,270000.0,Online,UK,Laptop,780000.0,1,Night,1,1,1,1
68,T069,U69,29,8400.0,POS,Karachi,Mobile,27000.0,0,Evening,0,0,0,0
69,T070,U70,36,310000.0,Online,USA,Laptop,860000.0,1,Night,1,1,1,1
70,T071,U71,24,4100.0,POS,Lahore,Mobile,17000.0,0,Morning,0,0,0,0
71,T072,U72,43,500000.0,Online,Dubai,Laptop,990000.0,1,Night,1,1,1,1
72,T073,U73,30,6900.0,POS,Karachi,Mobile,23000.0,0,Afternoon,0,0,0,0
73,T074,U74,38,220000.0,Online,London,Laptop,740000.0,1,Night,1,1,1,1
74,T075,U75,28,8300.0,POS,Karachi,Mobile,26000.0,0,Evening,0,0,0,0
75,T076,U76,35,370000.0,Online,USA,Laptop,880000.0,1,Night,1,1,1,1
76,T077,U77,26,5400.0,POS,Lahore,Mobile,19000.0,0,Morning,0,0,0,0
77,T078,U78,40,450000.0,Online,UK,Laptop,930000.0,1,Night,1,1,1,1
78,T079,U79,32,7600.0,POS,Karachi,Mobile,24000.0,0,Afternoon,0,0,0,0
79,T080,U80,44,580000.0,Online,USA,Laptop,1100000.0,1,Night,1,1,1,1
80,T081,U81,27,6200.0,POS,Karachi,Mobile,21000.0,0,Evening,0,0,0,0
81,T082,U82,33,260000.0,Online,Dubai,Laptop,770000.0,1,Night,1,1,1,1
82,T083,U83,25,3900.0,POS,Lahore,Mobile,16000.0,0,Morning,0,0,0,0
83,T084,U84,37,340000.0,Online,UK,Laptop,830000.0,1,Night,1,1,1,1
84,T085,U85,29,8100.0,POS,Karachi,Mobile,25000.0,0,Afternoon,0,0,0,0
85,T086,U86,42,520000.0,Online,USA,Laptop,1000000.0,1,Night,1,1,1,1
86,T087,U87,31,7000.0,POS,Karachi,Mobile,23000.0,0,Evening,0,0,0,0
87,T088,U88,35,180000.0,Online,London,Laptop,640000.0,1,Night,1,1,1,1
88,T089,U89,28,9200.0,POS,Lahore,Mobile,27000.0,0,Morning,0,0,0,0
89,T090,U90,39,400000.0,Online,Dubai,Laptop,910000.0,1,Night,1,1,1,1
90,T091,U91,26,5600.0,POS,Karachi,Mobile,20000.0,0,Afternoon,0,0,0,0
91,T092,U92,41,290000.0,Online,USA,Laptop,860000.0,1,Night,1,1,1,1
92,T093,U93,30,7800.0,POS,Karachi,Mobile,24000.0,0,Evening,0,0,0,0
93,T094,U94,34,210000.0,Online,UK,Laptop,700000.0,1,Night,1,1,1,1
94,T095,U95,27,6500.0,POS,Lahore,Mobile,22000.0,0,Morning,0,0,0,0
95,T096,U96,45,610000.0,Online,USA,Laptop,1200000.0,1,Night,1,1,1,1
96,T097,U97,29,8700.0,POS,Karachi,Mobile,28000.0,0,Afternoon,0,0,0,0
97,T098,U98,36,240000.0,Online,Dubai,Laptop,750000.0,1,Night,1,1,1,1
98,T099,U99,25,4300.0,POS,Karachi,Mobile,17000.0,0,Evening,0,0,0,0
99,T100,U100,38,330000.0,Online,UK,Laptop,820000.0,1,Night,1,1,1,1
100,T101,U101,31,7900.0,POS,Lahore,Mobile,25000.0,0,Morning,0,0,0,0
101,T102,U102,42,550000.0,Online,USA,Laptop,1000000.0,1,Night,1,1,1,1
102,T103,U103,28,6000.0,POS,Karachi,Mobile,21000.0,0,Afternoon,0,0,0,0
103,T104,U104,33,200000.0,Online,London,Laptop,680000.0,1,Night,1,1,1,1
104,T105,U105,26,7400.0,POS,Karachi,Mobile,23000.0,0,Evening,0,0,0,0
105,T106,U106,40,420000.0,Online,Dubai,Laptop,950000.0,1,Night,1,1,1,1
106,T107,U107,30,5100.0,POS,Lahore,Mobile,18000.0,0,Morning,0,0,0,0
107,T108,U108,37,360000.0,Online,USA,Laptop,870000.0,1,Night,1,1,1,1
108,T109,U109,27,6800.0,POS,Karachi,Mobile,22000.0,0,Afternoon,0,0,0,0
109,T110,U110,44,490000.0,Online,UK,Laptop,980000.0,1,Night,1,1,1,1
110,T111,U111,29,8200.0,POS,Karachi,Mobile,26000.0,0,Evening,0,0,0,0
111,T112,U112,35,170000.0,Online,London,Laptop,640000.0,1,Night,1,1,1,1
112,T113,U113,24,3500.0,POS,Lahore,Mobile,15000.0,0,Morning,0,0,0,0
113,T114,U114,41,300000.0,Online,USA,Laptop,820000.0,1,Night,1,1,1,1
114,T115,U115,32,7700.0,POS,Karachi,Mobile,24000.0,0,Afternoon,0,0,0,0
115,T116,U116,46,620000.0,Online,Dubai,Laptop,1200000.0,1,Night,1,1,1,1
116,T117,U117,28,9000.0,POS,Karachi,Mobile,29000.0,0,Evening,0,0,0,0
117,T118,U118,36,260000.0,Online,UK,Laptop,760000.0,1,Night,1,1,1,1
118,T119,U119,30,5800.0,POS,Lahore,Mobile,20000.0,0,Morning,0,0,0,0
119,T120,U120,39,380000.0,Online,USA,Laptop,890000.0,1,Night,1,1,1,1
120,T121,U121,27,6400.0,POS,Karachi,Mobile,21000.0,0,Afternoon,0,0,0,0
121,T122,U122,43,510000.0,Online,Dubai,Laptop,1000000.0,1,Night,1,1,1,1
122,T123,U123,25,4200.0,POS,Karachi,Mobile,17000.0,0,Evening,0,0,0,0
123,T124,U124,34,230000.0,Online,UK,Laptop,700000.0,1,Night,1,1,1,1
124,T125,U125,31,8100.0,POS,Lahore,Mobile,25000.0,0,Morning,0,0,0,0
125,T126,U126,40,460000.0,Online,USA,Laptop,950000.0,1,Night,1,1,1,1
126,T127,U127,29,7000.0,POS,Karachi,Mobile,23000.0,0,Afternoon,0,0,0,0
127,T128,U128,35,190000.0,Online,London,Laptop,650000.0,1,Night,1,1,1,1
128,T129,U129,26,8800.0,POS,Karachi,Mobile,27000.0,0,Evening,0,0,0,0
129,T130,U130,38,320000.0,Online,Dubai,Laptop,900000.0,1,Night,1,1,1,1
130,T131,U131,28,5400.0,POS,Lahore,Mobile,19000.0,0,Morning,0,0,0,0
131,T132,U132,42,600000.0,Online,USA,Laptop,1100000.0,1,Night,1,1,1,1
132,T133,U133,30,7500.0,POS,Karachi,Mobile,24000.0,0,Afternoon,0,0,0,0
133,T134,U134,33,210000.0,Online,UK,Laptop,720000.0,1,Night,1,1,1,1
134,T135,U135,27,6900.0,POS,Karachi,Mobile,22000.0,0,Evening,0,0,0,0
135,T136,U136,45,530000.0,Online,Dubai,Laptop,1000000.0,1,Night,1,1,1,1
136,T137,U137,24,3700.0,POS,Lahore,Mobile,16000.0,0,Morning,0,0,0,0
137,T138,U138,37,340000.0,Online,USA,Laptop,860000.0,1,Night,1,1,1,1
138,T139,U139,29,8200.0,POS,Karachi,Mobile,26000.0,0,Afternoon,0,0,0,0
139,T140,U140,41,270000.0,Online,UK,Laptop,780000.0,1,Night,1,1,1,1
140,T141,U141,32,7800.0,POS,Karachi,Mobile,25000.0,0,Evening,0,0,0,0
141,T142,U142,36,250000.0,Online,London,Laptop,740000.0,1,Night,1,1,1,1
142,T143,U143,28,9100.0,POS,Lahore,Mobile,28000.0,0,Morning,0,0,0,0
143,T144,U144,44,560000.0,Online,USA,Laptop,1000000.0,1,Night,1,1,1,1
144,T145,U145,26,6100.0,POS,Karachi,Mobile,20000.0,0,Afternoon,0,0,0,0
145,T146,U146,39,390000.0,Online,Dubai,Laptop,920000.0,1,Night,1,1,1,1
146,T147,U147,30,7300.0,POS,Karachi,Mobile,23000.0,0,Evening,0,0,0,0
147,T148,U148,34,220000.0,Online,UK,Laptop,690000.0,1,Night,1,1,1,1
148,T149,U149,27,6800.0,POS,Lahore,Mobile,21000.0,0,Morning,0,0,0,0
149,T150,U150,43,580000.0,Online,USA,Laptop,1100000.0,1,Night,1,1,1,1
150,T151,U151,31,8000.0,POS,Karachi,Mobile,25000.0,0,Afternoon,0,0,0,0
151,T152,U152,35,200000.0,Online,London,Laptop,660000.0,1,Night,1,1,1,1
152,T153,U153,28,9200.0,POS,Karachi,Mobile,27000.0,0,Evening,0,0,0,0
153,T154,U154,40,410000.0,Online,Dubai,Laptop,930000.0,1,Night,1,1,1,1
154,T155,U155,25,4400.0,POS,Lahore,Mobile,17000.0,0,Morning,0,0,0,0
155,T156,U156,37,350000.0,Online,USA,Laptop,880000.0,1,Night,1,1,1,1
156,T157,U157,29,7600.0,POS,Karachi,Mobile,24000.0,0,Afternoon,0,0,0,0
157,T158,U158,42,520000.0,Online,UK,Laptop,1000000.0,1,Night,1,1,1,1
158,T159,U159,30,6900.0,POS,Karachi,Mobile,22000.0,0,Evening,0,0,0,0
159,T160,U160,33,240000.0,Online,Dubai,Laptop,750000.0,1,Night,1,1,1,1
160,T161,U161,28,8200.0,POS,Karachi,Mobile,26000.0,0,Morning,0,0,0,0
161,T162,U162,41,480000.0,Online,USA,Laptop,980000.0,1,Night,1,1,1,1
162,T163,U163,30,7100.0,POS,Karachi,Mobile,23000.0,0,Afternoon,0,0,0,0
163,T164,U164,36,210000.0,Online,UK,Laptop,720000.0,1,Night,1,1,1,1
164,T165,U165,25,3900.0,POS,Lahore,Mobile,16000.0,0,Evening,0,0,0,0
165,T166,U166,44,600000.0,Online,Dubai,Laptop,1200000.0,1,Night,1,1,1,1
166,T167,U167,29,7700.0,POS,Karachi,Mobile,25000.0,0,Morning,0,0,0,0
167,T168,U168,33,260000.0,Online,London,Laptop,780000.0,1,Night,1,1,1,1
168,T169,U169,27,6500.0,POS,Karachi,Mobile,22000.0,0,Afternoon,0,0,0,0
169,T170,U170,40,420000.0,Online,USA,Laptop,900000.0,1,Night,1,1,1,1
170,T171,U171,31,8100.0,POS,Lahore,Mobile,24000.0,0,Evening,0,0,0,0
171,T172,U172,38,350000.0,Online,UK,Laptop,860000.0,1,Night,1,1,1,1
172,T173,U173,26,5400.0,POS,Karachi,Mobile,19000.0,0,Morning,0,0,0,0
173,T174,U174,45,500000.0,Online,Dubai,Laptop,1100000.0,1,Night,1,1,1,1
174,T175,U175,28,9200.0,POS,Karachi,Mobile,27000.0,0,Afternoon,0,0,0,0
175,T176,U176,34,230000.0,Online,USA,Laptop,740000.0,1,Night,1,1,1,1
176,T177,U177,30,6800.0,POS,Lahore,Mobile,21000.0,0,Evening,0,0,0,0
177,T178,U178,42,560000.0,Online,UK,Laptop,1000000.0,1,Night,1,1,1,1
178,T179,U179,25,4100.0,POS,Karachi,Mobile,17000.0,0,Morning,0,0,0,0
179,T180,U180,37,310000.0,Online,Dubai,Laptop,850000.0,1,Night,1,1,1,1
180,T181,U181,29,7900.0,POS,Karachi,Mobile,24000.0,0,Afternoon,0,0,0,0
181,T182,U182,39,270000.0,Online,USA,Laptop,800000.0,1,Night,1,1,1,1
182,T183,U183,31,8600.0,POS,Lahore,Mobile,26000.0,0,Evening,0,0,0,0
183,T184,U184,46,620000.0,Online,UK,Laptop,1300000.0,1,Night,1,1,1,1
184,T185,U185,27,6000.0,POS,Karachi,Mobile,20000.0,0,Morning,0,0,0,0
185,T186,U186,33,220000.0,Online,Dubai,Laptop,760000.0,1,Night,1,1,1,1
186,T187,U187,28,7400.0,POS,Karachi,Mobile,23000.0,0,Afternoon,0,0,0,0
187,T188,U188,41,450000.0,Online,USA,Laptop,950000.0,1,Night,1,1,1,1
188,T189,U189,30,8200.0,POS,Lahore,Mobile,25000.0,0,Evening,0,0,0,0
189,T190,U190,35,190000.0,Online,UK,Laptop,700000.0,1,Night,1,1,1,1
190,T191,U191,26,5300.0,POS,Karachi,Mobile,18000.0,0,Morning,0,0,0,0
191,T192,U192,44,580000.0,Online,Dubai,Laptop,1150000.0,1,Night,1,1,1,1
192,T193,U193,29,7600.0,POS,Karachi,Mobile,24000.0,0,Afternoon,0,0,0,0
193,T194,U194,38,300000.0,Online,USA,Laptop,820000.0,1,Night,1,1,1,1
194,T195,U195,32,8800.0,POS,Lahore,Mobile,27000.0,0,Evening,0,0,0,0
195,T196,U196,40,520000.0,Online,UK,Laptop,1000000.0,1,Night,1,1,1,1
196,T197,U197,25,4300.0,POS,Karachi,Mobile,17000.0,0,Morning,0,0,0,0
197,T198,U198,36,240000.0,Online,Dubai,Laptop,780000.0,1,Night,1,1,1,1
198,T199,U199,28,8100.0,POS,Karachi,Mobile,25000.0,0,Afternoon,0,0,0,0
199,T200,U200,43,490000.0,Online,USA,Laptop,990000.0,1,Night,1,1,1,1
200,T201,U201,30,7000.0,POS,Lahore,Mobile,22000.0,0,Evening,0,0,0,0
201,T202,U202,34,210000.0,Online,UK,Laptop,730000.0,1,Night,1,1,1,1
202,T203,U203,27,6400.0,POS,Karachi,Mobile,20000.0,0,Morning,0,0,0,0
203,T204,U204,45,600000.0,Online,Dubai,Laptop,1200000.0,1,Night,1,1,1,1
204,T205,U205,29,7800.0,POS,Karachi,Mobile,24000.0,0,Afternoon,0,0,0,0
205,T206,U206,37,330000.0,Online,USA,Laptop,880000.0,1,Night,1,1,1,1
206,T207,U207,31,8500.0,POS,Lahore,Mobile,26000.0,0,Evening,0,0,0,0
207,T208,U208,42,540000.0,Online,UK,Laptop,1100000.0,1,Night,1,1,1,1
208,T209,U209,26,5600.0,POS,Karachi,Mobile,19000.0,0,Morning,0,0,0,0
209,T210,U210,39,280000.0,Online,Dubai,Laptop,790000.0,1,Night,1,1,1,1
210,T211,U211,28,8300.0,POS,Karachi,Mobile,25000.0,0,Afternoon,0,0,0,0
211,T212,U212,41,470000.0,Online,USA,Laptop,980000.0,1,Night,1,1,1,1
212,T213,U213,30,7200.0,POS,Lahore,Mobile,23000.0,0,Evening,0,0,0,0
213,T214,U214,35,200000.0,Online,UK,Laptop,740000.0,1,Night,1,1,1,1
214,T215,U215,27,6100.0,POS,Karachi,Mobile,20000.0,0,Morning,0,0,0,0
215,T216,U216,44,590000.0,Online,Dubai,Laptop,1180000.0,1,Night,1,1,1,1
216,T217,U217,29,7700.0,POS,Karachi,Mobile,24000.0,0,Afternoon,0,0,0,0
217,T218,U218,38,310000.0,Online,USA,Laptop,840000.0,1,Night,1,1,1,1
218,T219,U219,32,8900.0,POS,Lahore,Mobile,27000.0,0,Evening,0,0,0,0
219,T220,U220,40,510000.0,Online,UK,Laptop,1000000.0,1,Night,1,1,1,1
220,T221,U221,25,4200.0,POS,Karachi,Mobile,17000.0,0,Morning,0,0,0,0
221,T222,U222,36,250000.0,Online,Dubai,Laptop,800000.0,1,Night,1,1,1,1
222,T223,U223,28,8000.0,POS,Karachi,Mobile,25000.0,0,Afternoon,0,0,0,0
223,T224,U224,43,500000.0,Online,USA,Laptop,990000.0,1,Night,1,1,1,1
224,T225,U225,30,6900.0,POS,Lahore,Mobile,22000.0,0,Evening,0,0,0,0
225,T226,U226,34,220000.0,Online,UK,Laptop,750000.0,1,Night,1,1,1,1
226,T227,U227,26,5800.0,POS,Karachi,Mobile,19000.0,0,Morning,0,0,0,0
227,T228,U228,45,610000.0,Online,Dubai,Laptop,1200000.0,1,Night,1,1,1,1
228,T229,U229,29,7600.0,POS,Karachi,Mobile,24000.0,0,Afternoon,0,0,0,0
229,T230,U230,37,340000.0,Online,USA,Laptop,880000.0,1,Night,1,1,1,1
230,T231,U231,31,8400.0,POS,Lahore,Mobile,26000.0,0,Evening,0,0,0,0
231,T232,U232,42,530000.0,Online,UK,Laptop,1100000.0,1,Night,1,1,1,1
232,T233,U233,27,6200.0,POS,Karachi,Mobile,20000.0,0,Morning,0,0,0,0
233,T234,U234,39,290000.0,Online,Dubai,Laptop,800000.0,1,Night,1,1,1,1
234,T235,U235,28,8200.0,POS,Karachi,Mobile,25000.0,0,Afternoon,0,0,0,0
235,T236,U236,41,460000.0,Online,USA,Laptop,970000.0,1,Night,1,1,1,1
236,T237,U237,30,7100.0,POS,Lahore,Mobile,23000.0,0,Evening,0,0,0,0
237,T238,U238,35,210000.0,Online,UK,Laptop,740000.0,1,Night,1,1,1,1
238,T239,U239,26,5400.0,POS,Karachi,Mobile,18000.0,0,Morning,0,0,0,0
239,T240,U240,44,580000.0,Online,Dubai,Laptop,1150000.0,1,Night,1,1,1,1
240,T241,U241,29,7800.0,POS,Karachi,Mobile,24000.0,0,Afternoon,0,0,0,0
241,T242,U242,38,320000.0,Online,USA,Laptop,850000.0,1,Night,1,1,1,1
242,T243,U243,31,8600.0,POS,Lahore,Mobile,26000.0,0,Evening,0,0,0,0
243,T244,U244,40,500000.0,Online,UK,Laptop,1000000.0,1,Night,1,1,1,1
244,T245,U245,25,4100.0,POS,Karachi,Mobile,17000.0,0,Morning,0,0,0,0
245,T246,U246,36,240000.0,Online,Dubai,Laptop,780000.0,1,Night,1,1,1,1
246,T247,U247,28,8100.0,POS,Karachi,Mobile,25000.0,0,Afternoon,0,0,0,0
247,T248,U248,43,490000.0,Online,USA,Laptop,990000.0,1,Night,1,1,1,1
248,T249,U249,30,7000.0,POS,Lahore,Mobile,22000.0,0,Evening,0,0,0,0
249,T250,U250,34,200000.0,Online,UK,Laptop,730000.0,1,Night,1,1,1,1
250,T251,U251,27,6500.0,POS,Karachi,Mobile,21000.0,0,Morning,0,0,0,0
251,T252,U252,45,600000.0,Online,Dubai,Laptop,1200000.0,1,Night,1,1,1,1
252,T253,U253,29,7700.0,POS,Karachi,Mobile,24000.0,0,Afternoon,0,0,0,0
253,T254,U254,37,330000.0,Online,USA,Laptop,880000.0,1,Night,1,1,1,1
254,T255,U255,31,8500.0,POS,Lahore,Mobile,26000.0,0,Evening,0,0,0,0
255,T256,U256,42,540000.0,Online,UK,Laptop,1100000.0,1,Night,1,1,1,1
256,T257,U257,26,5600.0,POS,Karachi,Mobile,19000.0,0,Morning,0,0,0,0
257,T258,U258,39,280000.0,Online,Dubai,Laptop,790000.0,1,Night,1,1,1,1
258,T259,U259,28,8300.0,POS,Karachi,Mobile,25000.0,0,Afternoon,0,0,0,0
259,T260,U260,41,470000.0,Online,USA,Laptop,980000.0,1,Night,1,1,1,1
260,T261,U261,30,7200.0,POS,Lahore,Mobile,23000.0,0,Evening,0,0,0,0
261,T262,U262,35,200000.0,Online,UK,Laptop,740000.0,1,Night,1,1,1,1
262,T263,U263,27,6100.0,POS,Karachi,Mobile,20000.0,0,Morning,0,0,0,0
263,T264,U264,44,590000.0,Online,Dubai,Laptop,1180000.0,1,Night,1,1,1,1
264,T265,U265,29,7700.0,POS,Karachi,Mobile,24000.0,0,Afternoon,0,0,0,0
265,T266,U266,38,310000.0,Online,USA,Laptop,840000.0,1,Night,1,1,1,1
266,T267,U267,32,8900.0,POS,Lahore,Mobile,27000.0,0,Evening,0,0,0,0
267,T268,U268,40,510000.0,Online,UK,Laptop,1000000.0,1,Night,1,1,1,1
268,T269,U269,25,4200.0,POS,Karachi,Mobile,17000.0,0,Morning,0,0,0,0
269,T270,U270,36,250000.0,Online,Dubai,Laptop,800000.0,1,Night,1,1,1,1
270,T271,U271,28,8000.0,POS,Karachi,Mobile,25000.0,0,Afternoon,0,0,0,0
271,T272,U272,43,500000.0,Online,USA,Laptop,990000.0,1,Night,1,1,1,1
272,T273,U273,30,6900.0,POS,Lahore,Mobile,22000.0,0,Evening,0,0,0,0
273,T274,U274,34,220000.0,Online,UK,Laptop,750000.0,1,Night,1,1,1,1
274,T275,U275,26,5800.0,POS,Karachi,Mobile,19000.0,0,Morning,0,0,0,0
275,T276,U276,45,610000.0,Online,Dubai,Laptop,1200000.0,1,Night,1,1,1,1
276,T277,U277,29,7600.0,POS,Karachi,Mobile,24000.0,0,Afternoon,0,0,0,0
277,T278,U278,37,340000.0,Online,USA,Laptop,880000.0,1,Night,1,1,1,1
278,T279,U279,31,8400.0,POS,Lahore,Mobile,26000.0,0,Evening,0,0,0,0
279,T280,U280,42,530000.0,Online,UK,Laptop,1100000.0,1,Night,1,1,1,1
280,T281,U281,27,6200.0,POS,Karachi,Mobile,20000.0,0,Morning,0,0,0,0
281,T282,U282,39,290000.0,Online,Dubai,Laptop,800000.0,1,Night,1,1,1,1
282,T283,U283,28,8200.0,POS,Karachi,Mobile,25000.0,0,Afternoon,0,0,0,0
283,T284,U284,41,460000.0,Online,USA,Laptop,970000.0,1,Night,1,1,1,1
284,T285,U285,30,7100.0,POS,Lahore,Mobile,23000.0,0,Evening,0,0,0,0
285,T286,U286,35,210000.0,Online,UK,Laptop,740000.0,1,Night,1,1,1,1
286,T287,U287,26,5400.0,POS,Karachi,Mobile,18000.0,0,Morning,0,0,0,0
287,T288,U288,44,580000.0,Online,Dubai,Laptop,1150000.0,1,Night,1,1,1,1
288,T289,U289,29,7800.0,POS,Karachi,Mobile,24000.0,0,Afternoon,0,0,0,0
289,T290,U290,38,320000.0,Online,USA,Laptop,850000.0,1,Night,1,1,1,1
290,T291,U291,31,8600.0,POS,Lahore,Mobile,26000.0,0,Evening,0,0,0,0
291,T292,U292,40,500000.0,Online,UK,Laptop,1000000.0,1,Night,1,1,1,1
292,T293,U293,25,4100.0,POS,Karachi,Mobile,17000.0,0,Morning,0,0,0,0
293,T294,U294,36,240000.0,Online,Dubai,Laptop,780000.0,1,Night,1,1,1,1
294,T295,U295,28,8100.0,POS,Karachi,Mobile,25000.0,0,Afternoon,0,0,0,0
295,T296,U296,43,490000.0,Online,USA,Laptop,990000.0,1,Night,1,1,1,1
296,T297,U297,30,7000.0,POS,Lahore,Mobile,22000.0,0,Evening,0,0,0,0
297,T298,U298,34,200000.0,Online,UK,Laptop,730000.0,1,Night,1,1,1,1
298,T299,U299,27,6500.0,POS,Karachi,Mobile,21000.0,0,Morning,0,0,0,0
299,T300,U300,45,600000.0,Online,Dubai,Laptop,1200000.0,1,Night,1,1,1,1
300,T301,U301,29,7700.0,POS,Karachi,Mobile,24000.0,0,Afternoon,0,0,0,0
301,T302,U302,37,330000.0,Online,USA,Laptop,880000.0,1,Night,1,1,1,1
302,T303,U303,31,8500.0,POS,Lahore,Mobile,26000.0,0,Evening,0,0,0,0
303,T304,U304,42,540000.0,Online,UK,Laptop,1100000.0,1,Night,1,1,1,1
304,T305,U305,26,5600.0,POS,Karachi,Mobile,19000.0,0,Morning,0,0,0,0
305,T306,U306,39,280000.0,Online,Dubai,Laptop,790000.0,1,Night,1,1,1,1
306,T307,U307,28,8300.0,POS,Karachi,Mobile,25000.0,0,Afternoon,0,0,0,0
307,T308,U308,41,470000.0,Online,USA,Laptop,980000.0,1,Night,1,1,1,1
308,T309,U309,30,7200.0,POS,Lahore,Mobile,23000.0,0,Evening,0,0,0,0
309,T310,U310,35,200000.0,Online,UK,Laptop,740000.0,1,Night,1,1,1,1
310,T011,U11,27,4500.0,POS,Karachi,Mobile,21000.0,0,Morning,0,0,0,0
311,T012,U12,33,180000.0,Online,UK,Laptop,450000.0,1,Night,1,1,1,1
312,T013,U13,24,3200.0,POS,Lahore,Mobile,17000.0,0,Afternoon,0,0,0,0
313,T014,U14,41,275000.0,Online,Dubai,Laptop,900000.0,1,Night,1,1,1,1
314,T015,U15,29,6000.0,POS,Karachi,Mobile,24000.0,0,Evening,0,0,0,0
315,T016,U16,36,520000.0,Online,USA,Laptop,780000.0,1,Night,1,1,1,1
316,T017,U17,22,3000.0,POS,Islamabad,Mobile,16000.0,0,Morning,0,0,0,0
317,T018,U18,30,110000.0,Online,Karachi,Laptop,140000.0,0,Night,1,1,0,1
318,T019,U19,28,7500.0,POS,Karachi,Mobile,26000.0,0,Afternoon,0,0,0,0
319,T020,U20,38,260000.0,Online,UK,Laptop,620000.0,1,Night,1,1,1,1
320,T021,U21,26,5000.0,POS,Lahore,Mobile,20000.0,0,Morning,0,0,0,0
321,T022,U22,34,210000.0,Online,Dubai,Laptop,500000.0,1,Night,1,1,1,1
322,T023,U23,31,4200.0,POS,Karachi,Mobile,19000.0,0,Evening,0,0,0,0
323,T024,U24,45,310000.0,Online,USA,Laptop,950000.0,1,Night,1,1,1,1
324,T025,U25,27,5800.0,POS,Karachi,Mobile,23000.0,0,Afternoon,0,0,0,0
325,T026,U26,32,150000.0,Online,UK,Laptop,400000.0,1,Night,1,1,1,1
326,T027,U27,25,4000.0,POS,Lahore,Mobile,18000.0,0,Morning,0,0,0,0
327,T028,U28,39,280000.0,Online,Dubai,Laptop,850000.0,1,Night,1,1,1,1
328,T029,U29,29,6500.0,POS,Karachi,Mobile,22000.0,0,Evening,0,0,0,0
329,T030,U30,37,500000.0,Online,USA,Laptop,900000.0,1,Night,1,1,1,1
330,T031,U31,23,3500.0,POS,Islamabad,Mobile,15000.0,0,Morning,0,0,0,0
331,T032,U32,35,190000.0,Online,UK,Laptop,480000.0,1,Night,1,1,1,1
332,T033,U33,28,7200.0,POS,Karachi,Mobile,25000.0,0,Afternoon,0,0,0,0
333,T034,U34,42,330000.0,Online,Dubai,Laptop,990000.0,1,Night,1,1,1,1
334,T035,U35,26,4800.0,POS,Lahore,Mobile,20000.0,0,Evening,0,0,0,0
335,T036,U36,31,120000.0,Online,Karachi,Laptop,150000.0,0,Night,1,1,0,1
336,T037,U37,27,5100.0,POS,Karachi,Mobile,21000.0,0,Morning,0,0,0,0
337,T038,U38,40,270000.0,Online,UK,Laptop,600000.0,1,Night,1,1,1,1
338,T039,U39,24,3900.0,POS,Islamabad,Mobile,17000.0,0,Afternoon,0,0,0,0
339,T040,U40,36,310000.0,Online,Dubai,Laptop,880000.0,1,Night,1,1,1,1
340,T041,U41,29,6800.0,POS,Karachi,Mobile,24000.0,0,Evening,0,0,0,0
341,T042,U42,33,210000.0,Online,USA,Laptop,700000.0,1,Night,1,1,1,1
342,T043,U43,25,4500.0,POS,Lahore,Mobile,19000.0,0,Morning,0,0,0,0
343,T044,U44,38,260000.0,Online,UK,Laptop,610000.0,1,Night,1,1,1,1
344,T045,U45,30,5900.0,POS,Karachi,Mobile,23000.0,0,Afternoon,0,0,0,0
345,T046,U46,41,340000.0,Online,Dubai,Laptop,1000000.0,1,Night,1,1,1,1
346,T047,U47,27,5200.0,POS,Islamabad,Mobile,20000.0,0,Morning,0,0,0,0
347,T048,U48,35,180000.0,Online,USA,Laptop,750000.0,1,Night,1,1,1,1
348,T049,U49,28,6100.0,POS,Karachi,Mobile,22000.0,0,Evening,0,0,0,0
349,T050,U50,39,290000.0,Online,UK,Laptop,800000.0,1,Night,1,1,1,1
350,T051,U51,26,4700.0,POS,Lahore,Mobile,18000.0,0,Morning,0,0,0,0
351,T052,U52,32,200000.0,Online,Dubai,Laptop,900000.0,1,Night,1,1,1,1
352,T053,U53,24,3300.0,POS,Karachi,Mobile,16000.0,0,Afternoon,0,0,0,0
353,T054,U54,44,360000.0,Online,USA,Laptop,950000.0,1,Night,1,1,1,1
354,T055,U55,29,7000.0,POS,Karachi,Mobile,25000.0,0,Evening,0,0,0,0
355,T056,U56,36,220000.0,Online,UK,Laptop,650000.0,1,Night,1,1,1,1
356,T057,U57,25,4100.0,POS,Lahore,Mobile,19000.0,0,Morning,0,0,0,0
357,T058,U58,37,300000.0,Online,Dubai,Laptop,870000.0,1,Night,1,1,1,1
358,T059,U59,28,6300.0,POS,Karachi,Mobile,23000.0,0,Afternoon,0,0,0,0
359,T060,U60,34,510000.0,Online,USA,Laptop,990000.0,1,Night,1,1,1,1
360,T061,U61,27,4600.0,POS,Islamabad,Mobile,20000.0,0,Morning,0,0,0,0
361,T062,U62,40,250000.0,Online,UK,Laptop,600000.0,1,Night,1,1,1,1
362,T063,U63,23,3100.0,POS,Karachi,Mobile,15000.0,0,Afternoon,0,0,0,0
363,T064,U64,38,320000.0,Online,Dubai,Laptop,920000.0,1,Night,1,1,1,1
364,T065,U65,29,6900.0,POS,Karachi,Mobile,24000.0,0,Evening,0,0,0,0
365,T066,U66,33,230000.0,Online,USA,Laptop,800000.0,1,Night,1,1,1,1
366,T067,U67,26,4200.0,POS,Lahore,Mobile,18000.0,0,Morning,0,0,0,0
367,T068,U68,41,280000.0,Online,UK,Laptop,700000.0,1,Night,1,1,1,1
368,T069,U69,28,5800.0,POS,Karachi,Mobile,22000.0,0,Afternoon,0,0,0,0
369,T070,U70,35,340000.0,Online,Dubai,Laptop,950000.0,1,Night,1,1,1,1
370,T071,U71,24,3600.0,POS,Islamabad,Mobile,16000.0,0,Morning,0,0,0,0
371,T072,U72,39,210000.0,Online,USA,Laptop,650000.0,1,Night,1,1,1,1
372,T073,U73,30,6400.0,POS,Karachi,Mobile,24000.0,0,Evening,0,0,0,0
373,T074,U74,42,370000.0,Online,UK,Laptop,990000.0,1,Night,1,1,1,1
374,T075,U75,27,4900.0,POS,Lahore,Mobile,19000.0,0,Morning,0,0,0,0
375,T076,U76,36,260000.0,Online,Dubai,Laptop,850000.0,1,Night,1,1,1,1
376,T077,U77,29,7100.0,POS,Karachi,Mobile,23000.0,0,Afternoon,0,0,0,0
377,T078,U78,31,190000.0,Online,USA,Laptop,700000.0,1,Night,1,1,1,1
378,T079,U79,25,4300.0,POS,Karachi,Mobile,18000.0,0,Morning,0,0,0,0
379,T080,U80,40,300000.0,Online,UK,Laptop,880000.0,1,Night,1,1,1,1
380,T081,U81,28,6000.0,POS,Lahore,Mobile,21000.0,0,Evening,0,0,0,0
381,T082,U82,37,520000.0,Online,Dubai,Laptop,1000000.0,1,Night,1,1,1,1
382,T083,U83,26,3800.0,POS,Karachi,Mobile,17000.0,0,Afternoon,0,0,0,0
383,T084,U84,34,240000.0,Online,USA,Laptop,750000.0,1,Night,1,1,1,1
384,T085,U85,29,6700.0,POS,Karachi,Mobile,22000.0,0,Morning,0,0,0,0
385,T086,U86,41,310000.0,Online,UK,Laptop,900000.0,1,Night,1,1,1,1
386,T087,U87,23,3500.0,POS,Islamabad,Mobile,15000.0,0,Afternoon,0,0,0,0
387,T088,U88,38,280000.0,Online,Dubai,Laptop,820000.0,1,Night,1,1,1,1
388,T089,U89,27,5900.0,POS,Karachi,Mobile,20000.0,0,Evening,0,0,0,0
389,T090,U90,35,500000.0,Online,USA,Laptop,950000.0,1,Night,1,1,1,1
390,T091,U91,24,3200.0,POS,Lahore,Mobile,16000.0,0,Morning,0,0,0,0
391,T092,U92,39,270000.0,Online,UK,Laptop,780000.0,1,Night,1,1,1,1
392,T093,U93,28,6400.0,POS,Karachi,Mobile,23000.0,0,Afternoon,0,0,0,0
393,T094,U94,33,330000.0,Online,Dubai,Laptop,990000.0,1,Night,1,1,1,1
394,T095,U95,26,4100.0,POS,Karachi,Mobile,18000.0,0,Morning,0,0,0,0
395,T096,U96,40,220000.0,Online,USA,Laptop,700000.0,1,Night,1,1,1,1
396,T097,U97,29,7200.0,POS,Lahore,Mobile,24000.0,0,Evening,0,0,0,0
397,T098,U98,36,300000.0,Online,UK,Laptop,850000.0,1,Night,1,1,1,1
398,T099,U99,25,4500.0,POS,Karachi,Mobile,19000.0,0,Morning,0,0,0,0
399,T100,U100,41,360000.0,Online,Dubai,Laptop,1000000.0,1,Night,1,1,1,1
400,T101,U101,30,5000.0,POS,Karachi,Mobile,20000.0,0,Morning,0,0,0,0
401,T102,U102,27,180000.0,Online,UK,Laptop,450000.0,1,Night,1,1,1,1
402,T103,U103,22,1500.0,POS,Lahore,Mobile,15000.0,0,Afternoon,0,0,0,0
403,T104,U104,45,300000.0,Online,Dubai,Laptop,1000000.0,1,Night,1,1,1,1
404,T105,U105,28,7000.0,POS,Karachi,Mobile,25000.0,0,Evening,0,0,0,0
405,T106,U106,35,500000.0,Online,USA,Laptop,800000.0,1,Night,1,1,1,1
406,T107,U107,29,4000.0,POS,Karachi,Mobile,18000.0,0,Morning,0,0,0,0
407,T108,U108,31,100000.0,Online,UK,Laptop,120000.0,0,Night,1,0,0,1
408,T109,U109,26,6000.0,POS,Lahore,Mobile,22000.0,0,Afternoon,0,0,0,0
409,T110,U110,40,250000.0,Online,Dubai,Laptop,600000.0,1,Night,1,1,1,1
410,T111,U111,25,5200.0,POS,Karachi,Mobile,21000.0,0,Morning,0,0,0,0
411,T112,U112,33,210000.0,Online,USA,Laptop,500000.0,1,Night,1,1,1,1
412,T113,U113,28,4800.0,POS,Karachi,Mobile,19000.0,0,Evening,0,0,0,0
413,T114,U114,37,320000.0,Online,UK,Laptop,900000.0,1,Night,1,1,1,1
414,T115,U115,24,3500.0,POS,Lahore,Mobile,16000.0,0,Afternoon,0,0,0,0
415,T116,U116,41,270000.0,Online,Dubai,Laptop,850000.0,1,Night,1,1,1,1
416,T117,U117,29,6100.0,POS,Karachi,Mobile,23000.0,0,Morning,0,0,0,0
417,T118,U118,36,190000.0,Online,USA,Laptop,700000.0,1,Night,1,1,1,1
418,T119,U119,27,4300.0,POS,Karachi,Mobile,18000.0,0,Evening,0,0,0,0
419,T120,U120,39,310000.0,Online,UK,Laptop,800000.0,1,Night,1,1,1,1
420,T121,U121,26,5000.0,POS,Lahore,Mobile,20000.0,0,Morning,0,0,0,0
421,T122,U122,34,220000.0,Online,Dubai,Laptop,600000.0,1,Night,1,1,1,1
422,T123,U123,25,3900.0,POS,Karachi,Mobile,17000.0,0,Afternoon,0,0,0,0
423,T124,U124,42,330000.0,Online,USA,Laptop,950000.0,1,Night,1,1,1,1
424,T125,U125,30,6800.0,POS,Karachi,Mobile,24000.0,0,Evening,0,0,0,0
425,T126,U126,35,260000.0,Online,UK,Laptop,650000.0,1,Night,1,1,1,1
426,T127,U127,23,3100.0,POS,Lahore,Mobile,15000.0,0,Morning,0,0,0,0
427,T128,U128,38,290000.0,Online,Dubai,Laptop,880000.0,1,Night,1,1,1,1
428,T129,U129,28,5700.0,POS,Karachi,Mobile,22000.0,0,Afternoon,0,0,0,0
429,T130,U130,37,510000.0,Online,USA,Laptop,990000.0,1,Night,1,1,1,1
430,T131,U131,24,3600.0,POS,Islamabad,Mobile,16000.0,0,Morning,0,0,0,0
431,T132,U132,40,250000.0,Online,UK,Laptop,600000.0,1,Night,1,1,1,1
432,T133,U133,29,6400.0,POS,Karachi,Mobile,24000.0,0,Evening,0,0,0,0
433,T134,U134,32,300000.0,Online,Dubai,Laptop,920000.0,1,Night,1,1,1,1
434,T135,U135,26,4200.0,POS,Lahore,Mobile,18000.0,0,Morning,0,0,0,0
435,T136,U136,44,360000.0,Online,USA,Laptop,980000.0,1,Night,1,1,1,1
436,T137,U137,27,5100.0,POS,Karachi,Mobile,21000.0,0,Afternoon,0,0,0,0
437,T138,U138,36,200000.0,Online,UK,Laptop,750000.0,1,Night,1,1,1,1
438,T139,U139,28,6000.0,POS,Karachi,Mobile,23000.0,0,Morning,0,0,0,0
439,T140,U140,41,340000.0,Online,Dubai,Laptop,1000000.0,1,Night,1,1,1,1
440,T141,U141,25,4500.0,POS,Lahore,Mobile,19000.0,0,Afternoon,0,0,0,0
441,T142,U142,39,280000.0,Online,USA,Laptop,800000.0,1,Night,1,1,1,1
442,T143,U143,30,6700.0,POS,Karachi,Mobile,24000.0,0,Evening,0,0,0,0
443,T144,U144,34,310000.0,Online,UK,Laptop,900000.0,1,Night,1,1,1,1
444,T145,U145,27,5000.0,POS,Karachi,Mobile,20000.0,0,Morning,0,0,0,0
445,T146,U146,38,260000.0,Online,Dubai,Laptop,850000.0,1,Night,1,1,1,1
446,T147,U147,29,6200.0,POS,Lahore,Mobile,22000.0,0,Afternoon,0,0,0,0
447,T148,U148,35,500000.0,Online,USA,Laptop,990000.0,1,Night,1,1,1,1
448,T149,U149,24,3300.0,POS,Karachi,Mobile,16000.0,0,Morning,0,0,0,0
449,T150,U150,40,300000.0,Online,UK,Laptop,880000.0,1,Night,1,1,1,1
450,T151,U151,28,5500.0,POS,Karachi,Mobile,21000.0,0,Evening,0,0,0,0
451,T152,U152,33,220000.0,Online,Dubai,Laptop,700000.0,1,Night,1,1,1,1
452,T153,U153,26,4100.0,POS,Lahore,Mobile,18000.0,0,Morning,0,0,0,0
453,T154,U154,41,360000.0,Online,USA,Laptop,950000.0,1,Night,1,1,1,1
454,T155,U155,29,6300.0,POS,Karachi,Mobile,23000.0,0,Afternoon,0,0,0,0
455,T156,U156,37,270000.0,Online,UK,Laptop,820000.0,1,Night,1,1,1,1
456,T157,U157,25,4800.0,POS,Karachi,Mobile,19000.0,0,Morning,0,0,0,0
457,T158,U158,39,320000.0,Online,Dubai,Laptop,990000.0,1,Night,1,1,1,1
458,T159,U159,27,5900.0,POS,Lahore,Mobile,20000.0,0,Evening,0,0,0,0
459,T160,U160,36,510000.0,Online,USA,Laptop,1000000.0,1,Night,1,1,1,1
460,T161,U161,24,3400.0,POS,Karachi,Mobile,17000.0,0,Morning,0,0,0,0
461,T162,U162,40,280000.0,Online,UK,Laptop,850000.0,1,Night,1,1,1,1
462,T163,U163,29,6500.0,POS,Karachi,Mobile,24000.0,0,Afternoon,0,0,0,0
463,T164,U164,34,330000.0,Online,Dubai,Laptop,950000.0,1,Night,1,1,1,1
464,T165,U165,26,4300.0,POS,Lahore,Mobile,18000.0,0,Morning,0,0,0,0
465,T166,U166,42,370000.0,Online,USA,Laptop,990000.0,1,Night,1,1,1,1
466,T167,U167,27,5100.0,POS,Karachi,Mobile,21000.0,0,Evening,0,0,0,0
467,T168,U168,38,240000.0,Online,UK,Laptop,780000.0,1,Night,1,1,1,1
468,T169,U169,28,6000.0,POS,Karachi,Mobile,22000.0,0,Morning,0,0,0,0
469,T170,U170,41,350000.0,Online,Dubai,Laptop,1000000.0,1,Night,1,1,1,1
470,T171,U171,25,4600.0,POS,Lahore,Mobile,19000.0,0,Afternoon,0,0,0,0
471,T172,U172,39,300000.0,Online,USA,Laptop,900000.0,1,Night,1,1,1,1
472,T173,U173,30,6700.0,POS,Karachi,Mobile,24000.0,0,Evening,0,0,0,0
473,T174,U174,35,260000.0,Online,UK,Laptop,820000.0,1,Night,1,1,1,1
474,T175,U175,27,5000.0,POS,Karachi,Mobile,20000.0,0,Morning,0,0,0,0
475,T176,U176,38,310000.0,Online,Dubai,Laptop,920000.0,1,Night,1,1,1,1
476,T177,U177,29,6200.0,POS,Lahore,Mobile,22000.0,0,Afternoon,0,0,0,0
477,T178,U178,36,500000.0,Online,USA,Laptop,990000.0,1,Night,1,1,1,1
478,T179,U179,24,3200.0,POS,Karachi,Mobile,16000.0,0,Morning,0,0,0,0
479,T180,U180,40,280000.0,Online,UK,Laptop,850000.0,1,Night,1,1,1,1
480,T181,U181,28,5800.0,POS,Karachi,Mobile,21000.0,0,Evening,0,0,0,0
481,T182,U182,33,230000.0,Online,Dubai,Laptop,700000.0,1,Night,1,1,1,1
482,T183,U183,26,4100.0,POS,Lahore,Mobile,18000.0,0,Morning,0,0,0,0
483,T184,U184,41,360000.0,Online,USA,Laptop,980000.0,1,Night,1,1,1,1
484,T185,U185,29,6400.0,POS,Karachi,Mobile,23000.0,0,Afternoon,0,0,0,0
485,T186,U186,37,270000.0,Online,UK,Laptop,820000.0,1,Night,1,1,1,1
486,T187,U187,25,4700.0,POS,Karachi,Mobile,19000.0,0,Morning,0,0,0,0
487,T188,U188,39,320000.0,Online,Dubai,Laptop,990000.0,1,Night,1,1,1,1
488,T189,U189,27,5900.0,POS,Lahore,Mobile,20000.0,0,Evening,0,0,0,0
489,T190,U190,36,510000.0,Online,USA,Laptop,1000000.0,1,Night,1,1,1,1
490,T191,U191,24,3400.0,POS,Karachi,Mobile,17000.0,0,Morning,0,0,0,0
491,T192,U192,40,280000.0,Online,UK,Laptop,850000.0,1,Night,1,1,1,1
492,T193,U193,29,6500.0,POS,Karachi,Mobile,24000.0,0,Afternoon,0,0,0,0
493,T194,U194,34,330000.0,Online,Dubai,Laptop,950000.0,1,Night,1,1,1,1
494,T195,U195,26,4300.0,POS,Lahore,Mobile,18000.0,0,Morning,0,0,0,0
495,T196,U196,42,370000.0,Online,USA,Laptop,990000.0,1,Night,1,1,1,1
496,T197,U197,27,5100.0,POS,Karachi,Mobile,21000.0,0,Evening,0,0,0,0
497,T198,U198,38,240000.0,Online,UK,Laptop,780000.0,1,Night,1,1,1,1
498,T199,U199,28,6000.0,POS,Karachi,Mobile,22000.0,0,Morning,0,0,0,0
499,T200,U200,41,350000.0,Online,Dubai,Laptop,1000000.0,1,Night,1,1,1,1
500,T201,U201,30,5000.0,POS,Karachi,Mobile,20000.0,0,Morning,0,0,0,0
501,T202,U202,27,180000.0,Online,UK,Laptop,450000.0,1,Night,1,1,1,1
502,T203,U203,22,1500.0,POS,Lahore,Mobile,15000.0,0,Afternoon,0,0,0,0
503,T204,U204,45,300000.0,Online,Dubai,Laptop,1000000.0,1,Night,1,1,1,1
504,T205,U205,28,7000.0,POS,Karachi,Mobile,25000.0,0,Evening,0,0,0,0
505,T206,U206,35,500000.0,Online,USA,Laptop,800000.0,1,Night,1,1,1,1
506,T207,U207,29,4000.0,POS,Karachi,Mobile,18000.0,0,Morning,0,0,0,0
507,T208,U208,31,100000.0,Online,UK,Laptop,120000.0,0,Night,1,0,0,1
508,T209,U209,26,6000.0,POS,Lahore,Mobile,22000.0,0,Afternoon,0,0,0,0
509,T210,U210,40,250000.0,Online,Dubai,Laptop,600000.0,1,Night,1,1,1,1
510,T211,U211,25,4200.0,POS,Karachi,Mobile,18000.0,0,Morning,0,0,0,0
511,T212,U212,39,280000.0,Online,UK,Laptop,800000.0,1,Night,1,1,1,1
512,T213,U213,28,6100.0,POS,Lahore,Mobile,21000.0,0,Afternoon,0,0,0,0
513,T214,U214,41,340000.0,Online,Dubai,Laptop,950000.0,1,Night,1,1,1,1
514,T215,U215,26,3900.0,POS,Karachi,Mobile,17000.0,0,Morning,0,0,0,0
515,T216,U216,36,500000.0,Online,USA,Laptop,1000000.0,1,Night,1,1,1,1
516,T217,U217,29,6500.0,POS,Karachi,Mobile,24000.0,0,Evening,0,0,0,0
517,T218,U218,33,220000.0,Online,UK,Laptop,600000.0,1,Night,1,1,1,1
518,T219,U219,24,3100.0,POS,Lahore,Mobile,15000.0,0,Afternoon,0,0,0,0
519,T220,U220,40,300000.0,Online,Dubai,Laptop,900000.0,1,Night,1,1,1,1
520,T221,U221,27,5000.0,POS,Karachi,Mobile,20000.0,0,Morning,0,0,0,0
521,T222,U222,35,260000.0,Online,USA,Laptop,750000.0,1,Night,1,1,1,1
522,T223,U223,28,5900.0,POS,Karachi,Mobile,22000.0,0,Afternoon,0,0,0,0
523,T224,U224,38,320000.0,Online,UK,Laptop,880000.0,1,Night,1,1,1,1
524,T225,U225,25,4400.0,POS,Lahore,Mobile,18000.0,0,Morning,0,0,0,0
525,T226,U226,42,370000.0,Online,Dubai,Laptop,990000.0,1,Night,1,1,1,1
526,T227,U227,30,6700.0,POS,Karachi,Mobile,24000.0,0,Evening,0,0,0,0
527,T228,U228,34,210000.0,Online,USA,Laptop,700000.0,1,Night,1,1,1,1
528,T229,U229,26,4100.0,POS,Karachi,Mobile,17000.0,0,Morning,0,0,0,0
529,T230,U230,39,290000.0,Online,UK,Laptop,820000.0,1,Night,1,1,1,1
530,T231,U231,29,6300.0,POS,Lahore,Mobile,23000.0,0,Afternoon,0,0,0,0
531,T232,U232,37,510000.0,Online,Dubai,Laptop,1000000.0,1,Night,1,1,1,1
532,T233,U233,24,3300.0,POS,Karachi,Mobile,16000.0,0,Morning,0,0,0,0
533,T234,U234,41,360000.0,Online,USA,Laptop,980000.0,1,Night,1,1,1,1
534,T235,U235,28,6000.0,POS,Karachi,Mobile,21000.0,0,Evening,0,0,0,0
535,T236,U236,33,230000.0,Online,UK,Laptop,780000.0,1,Night,1,1,1,1
536,T237,U237,27,4800.0,POS,Lahore,Mobile,19000.0,0,Morning,0,0,0,0
537,T238,U238,40,300000.0,Online,Dubai,Laptop,900000.0,1,Night,1,1,1,1
538,T239,U239,25,3900.0,POS,Karachi,Mobile,17000.0,0,Afternoon,0,0,0,0
539,T240,U240,36,270000.0,Online,USA,Laptop,800000.0,1,Night,1,1,1,1
540,T241,U241,29,6500.0,POS,Karachi,Mobile,24000.0,0,Evening,0,0,0,0
541,T242,U242,38,320000.0,Online,UK,Laptop,880000.0,1,Night,1,1,1,1
542,T243,U243,26,4100.0,POS,Lahore,Mobile,18000.0,0,Morning,0,0,0,0
543,T244,U244,42,370000.0,Online,Dubai,Laptop,990000.0,1,Night,1,1,1,1
544,T245,U245,30,5000.0,POS,Karachi,Mobile,20000.0,0,Morning,0,0,0,0
545,T246,U246,35,260000.0,Online,USA,Laptop,750000.0,1,Night,1,1,1,1
546,T247,U247,28,5900.0,POS,Karachi,Mobile,22000.0,0,Afternoon,0,0,0,0
547,T248,U248,39,290000.0,Online,UK,Laptop,820000.0,1,Night,1,1,1,1
548,T249,U249,24,3100.0,POS,Lahore,Mobile,15000.0,0,Morning,0,0,0,0
549,T250,U250,41,340000.0,Online,Dubai,Laptop,950000.0,1,Night,1,1,1,1
550,T251,U251,27,5000.0,POS,Karachi,Mobile,20000.0,0,Morning,0,0,0,0
551,T252,U252,36,500000.0,Online,USA,Laptop,1000000.0,1,Night,1,1,1,1
552,T253,U253,29,6500.0,POS,Karachi,Mobile,24000.0,0,Evening,0,0,0,0
553,T254,U254,33,220000.0,Online,UK,Laptop,600000.0,1,Night,1,1,1,1
554,T255,U255,25,4200.0,POS,Lahore,Mobile,18000.0,0,Morning,0,0,0,0
555,T256,U256,40,300000.0,Online,Dubai,Laptop,900000.0,1,Night,1,1,1,1
556,T257,U257,28,6100.0,POS,Karachi,Mobile,21000.0,0,Afternoon,0,0,0,0
557,T258,U258,37,510000.0,Online,USA,Laptop,1000000.0,1,Night,1,1,1,1
558,T259,U259,26,3900.0,POS,Karachi,Mobile,17000.0,0,Morning,0,0,0,0
559,T260,U260,39,280000.0,Online,UK,Laptop,800000.0,1,Night,1,1,1,1
560,T261,U261,30,6700.0,POS,Lahore,Mobile,23000.0,0,Evening,0,0,0,0
561,T262,U262,42,370000.0,Online,Dubai,Laptop,990000.0,1,Night,1,1,1,1
562,T263,U263,24,3300.0,POS,Karachi,Mobile,16000.0,0,Morning,0,0,0,0
563,T264,U264,41,360000.0,Online,USA,Laptop,980000.0,1,Night,1,1,1,1
564,T265,U265,29,6300.0,POS,Karachi,Mobile,24000.0,0,Afternoon,0,0,0,0
565,T266,U266,34,210000.0,Online,UK,Laptop,700000.0,1,Night,1,1,1,1
566,T267,U267,27,4800.0,POS,Lahore,Mobile,19000.0,0,Morning,0,0,0,0
567,T268,U268,38,320000.0,Online,Dubai,Laptop,880000.0,1,Night,1,1,1,1
568,T269,U269,25,4400.0,POS,Karachi,Mobile,18000.0,0,Morning,0,0,0,0
569,T270,U270,40,300000.0,Online,USA,Laptop,900000.0,1,Night,1,1,1,1
570,T271,U271,28,6000.0,POS,Karachi,Mobile,21000.0,0,Evening,0,0,0,0
571,T272,U272,36,270000.0,Online,UK,Laptop,800000.0,1,Night,1,1,1,1
572,T273,U273,26,4100.0,POS,Lahore,Mobile,18000.0,0,Morning,0,0,0,0
573,T274,U274,41,360000.0,Online,Dubai,Laptop,980000.0,1,Night,1,1,1,1
574,T275,U275,29,6500.0,POS,Karachi,Mobile,24000.0,0,Afternoon,0,0,0,0
575,T276,U276,35,260000.0,Online,USA,Laptop,750000.0,1,Night,1,1,1,1
576,T277,U277,24,3100.0,POS,Karachi,Mobile,15000.0,0,Morning,0,0,0,0
577,T278,U278,39,290000.0,Online,UK,Laptop,820000.0,1,Night,1,1,1,1
578,T279,U279,27,5000.0,POS,Lahore,Mobile,20000.0,0,Morning,0,0,0,0
579,T280,U280,42,370000.0,Online,Dubai,Laptop,990000.0,1,Night,1,1,1,1
580,T281,U281,30,5000.0,POS,Karachi,Mobile,20000.0,0,Morning,0,0,0,0
581,T282,U282,33,220000.0,Online,USA,Laptop,600000.0,1,Night,1,1,1,1
582,T283,U283,28,6100.0,POS,Karachi,Mobile,21000.0,0,Afternoon,0,0,0,0
583,T284,U284,40,300000.0,Online,UK,Laptop,900000.0,1,Night,1,1,1,1
584,T285,U285,25,4200.0,POS,Lahore,Mobile,18000.0,0,Morning,0,0,0,0
585,T286,U286,37,510000.0,Online,Dubai,Laptop,1000000.0,1,Night,1,1,1,1
586,T287,U287,29,6500.0,POS,Karachi,Mobile,24000.0,0,Evening,0,0,0,0
587,T288,U288,36,270000.0,Online,USA,Laptop,800000.0,1,Night,1,1,1,1
588,T289,U289,26,3900.0,POS,Karachi,Mobile,17000.0,0,Morning,0,0,0,0
589,T290,U290,41,360000.0,Online,UK,Laptop,980000.0,1,Night,1,1,1,1
590,T291,U291,28,6000.0,POS,Lahore,Mobile,21000.0,0,Afternoon,0,0,0,0
591,T292,U292,39,290000.0,Online,Dubai,Laptop,820000.0,1,Night,1,1,1,1
592,T293,U293,24,3300.0,POS,Karachi,Mobile,16000.0,0,Morning,0,0,0,0
593,T294,U294,42,370000.0,Online,USA,Laptop,990000.0,1,Night,1,1,1,1
594,T295,U295,30,5000.0,POS,Karachi,Mobile,20000.0,0,Morning,0,0,0,0
595,T296,U296,35,260000.0,Online,UK,Laptop,750000.0,1,Night,1,1,1,1
596,T297,U297,27,4800.0,POS,Lahore,Mobile,19000.0,0,Morning,0,0,0,0
597,T298,U298,38,320000.0,Online,Dubai,Laptop,880000.0,1,Night,1,1,1,1
598,T299,U299,25,4400.0,POS,Karachi,Mobile,18000.0,0,Morning,0,0,0,0
599,T300,U300,41,360000.0,Online,USA,Laptop,980000.0,1,Night,1,1,1,1
600,T301,U301,27,5100.0,POS,Karachi,Mobile,20000.0,0,Morning,0,0,0,0
601,T302,U302,40,300000.0,Online,UK,Laptop,900000.0,1,Night,1,1,1,1
602,T303,U303,29,6500.0,POS,Lahore,Mobile,24000.0,0,Afternoon,0,0,0,0
603,T304,U304,36,270000.0,Online,Dubai,Laptop,850000.0,1,Night,1,1,1,1
604,T305,U305,25,4200.0,POS,Karachi,Mobile,18000.0,0,Morning,0,0,0,0
605,T306,U306,42,370000.0,Online,USA,Laptop,990000.0,1,Night,1,1,1,1
606,T307,U307,30,5000.0,POS,Karachi,Mobile,20000.0,0,Morning,0,0,0,0
607,T308,U308,33,220000.0,Online,UK,Laptop,600000.0,1,Night,1,1,1,1
608,T309,U309,28,6100.0,POS,Lahore,Mobile,21000.0,0,Afternoon,0,0,0,0
609,T310,U310,41,360000.0,Online,Dubai,Laptop,980000.0,1,Night,1,1,1,1
610,T311,U311,26,3900.0,POS,Karachi,Mobile,17000.0,0,Morning,0,0,0,0
611,T312,U312,37,510000.0,Online,USA,Laptop,1000000.0,1,Night,1,1,1,1
612,T313,U313,29,6500.0,POS,Karachi,Mobile,24000.0,0,Evening,0,0,0,0
613,T314,U314,34,210000.0,Online,UK,Laptop,700000.0,1,Night,1,1,1,1
614,T315,U315,24,3100.0,POS,Lahore,Mobile,15000.0,0,Morning,0,0,0,0
615,T316,U316,40,300000.0,Online,Dubai,Laptop,900000.0,1,Night,1,1,1,1
616,T317,U317,27,5000.0,POS,Karachi,Mobile,20000.0,0,Morning,0,0,0,0
617,T318,U318,35,260000.0,Online,USA,Laptop,750000.0,1,Night,1,1,1,1
618,T319,U319,28,5900.0,POS,Karachi,Mobile,22000.0,0,Afternoon,0,0,0,0
619,T320,U320,39,290000.0,Online,UK,Laptop,820000.0,1,Night,1,1,1,1
620,T321,U321,25,4400.0,POS,Lahore,Mobile,18000.0,0,Morning,0,0,0,0
621,T322,U322,42,370000.0,Online,Dubai,Laptop,990000.0,1,Night,1,1,1,1
622,T323,U323,30,6700.0,POS,Karachi,Mobile,24000.0,0,Evening,0,0,0,0
623,T324,U324,36,270000.0,Online,USA,Laptop,800000.0,1,Night,1,1,1,1
624,T325,U325,26,4100.0,POS,Karachi,Mobile,17000.0,0,Morning,0,0,0,0
625,T326,U326,40,300000.0,Online,UK,Laptop,900000.0,1,Night,1,1,1,1
626,T327,U327,29,6300.0,POS,Lahore,Mobile,23000.0,0,Afternoon,0,0,0,0
627,T328,U328,37,510000.0,Online,Dubai,Laptop,1000000.0,1,Night,1,1,1,1
628,T329,U329,24,3300.0,POS,Karachi,Mobile,16000.0,0,Morning,0,0,0,0
629,T330,U330,41,360000.0,Online,USA,Laptop,980000.0,1,Night,1,1,1,1
630,T331,U331,28,6000.0,POS,Karachi,Mobile,21000.0,0,Evening,0,0,0,0
631,T332,U332,33,220000.0,Online,UK,Laptop,600000.0,1,Night,1,1,1,1
632,T333,U333,27,4800.0,POS,Lahore,Mobile,19000.0,0,Morning,0,0,0,0
633,T334,U334,39,320000.0,Online,Dubai,Laptop,880000.0,1,Night,1,1,1,1
634,T335,U335,25,4400.0,POS,Karachi,Mobile,18000.0,0,Morning,0,0,0,0
635,T336,U336,40,300000.0,Online,USA,Laptop,900000.0,1,Night,1,1,1,1
636,T337,U337,29,6500.0,POS,Karachi,Mobile,24000.0,0,Afternoon,0,0,0,0
637,T338,U338,36,270000.0,Online,UK,Laptop,800000.0,1,Night,1,1,1,1
638,T339,U339,26,3900.0,POS,Lahore,Mobile,17000.0,0,Morning,0,0,0,0
639,T340,U340,42,370000.0,Online,Dubai,Laptop,990000.0,1,Night,1,1,1,1
640,T341,U341,30,5000.0,POS,Karachi,Mobile,20000.0,0,Morning,0,0,0,0
641,T342,U342,35,260000.0,Online,USA,Laptop,750000.0,1,Night,1,1,1,1
642,T343,U343,28,5900.0,POS,Karachi,Mobile,22000.0,0,Afternoon,0,0,0,0
643,T344,U344,39,290000.0,Online,UK,Laptop,820000.0,1,Night,1,1,1,1
644,T345,U345,24,3100.0,POS,Lahore,Mobile,15000.0,0,Morning,0,0,0,0
645,T346,U346,41,360000.0,Online,Dubai,Laptop,980000.0,1,Night,1,1,1,1
646,T347,U347,27,5100.0,POS,Karachi,Mobile,20000.0,0,Morning,0,0,0,0
647,T348,U348,36,500000.0,Online,USA,Laptop,1000000.0,1,Night,1,1,1,1
648,T349,U349,29,6500.0,POS,Karachi,Mobile,24000.0,0,Evening,0,0,0,0
649,T350,U350,33,220000.0,Online,UK,Laptop,600000.0,1,Night,1,1,1,1
650,T351,U351,25,4200.0,POS,Lahore,Mobile,18000.0,0,Morning,0,0,0,0
651,T352,U352,40,300000.0,Online,Dubai,Laptop,900000.0,1,Night,1,1,1,1
652,T353,U353,28,6100.0,POS,Karachi,Mobile,21000.0,0,Afternoon,0,0,0,0
653,T354,U354,37,510000.0,Online,USA,Laptop,1000000.0,1,Night,1,1,1,1
654,T355,U355,26,3900.0,POS,Karachi,Mobile,17000.0,0,Morning,0,0,0,0
655,T356,U356,39,280000.0,Online,UK,Laptop,800000.0,1,Night,1,1,1,1
656,T357,U357,30,6700.0,POS,Lahore,Mobile,23000.0,0,Evening,0,0,0,0
657,T358,U358,42,370000.0,Online,Dubai,Laptop,990000.0,1,Night,1,1,1,1
658,T359,U359,24,3300.0,POS,Karachi,Mobile,16000.0,0,Morning,0,0,0,0
659,T360,U360,41,360000.0,Online,USA,Laptop,980000.0,1,Night,1,1,1,1
660,T361,U361,29,6300.0,POS,Karachi,Mobile,24000.0,0,Afternoon,0,0,0,0
661,T362,U362,34,210000.0,Online,UK,Laptop,700000.0,1,Night,1,1,1,1
662,T363,U363,27,4800.0,POS,Lahore,Mobile,19000.0,0,Morning,0,0,0,0
663,T364,U364,38,320000.0,Online,Dubai,Laptop,880000.0,1,Night,1,1,1,1
664,T365,U365,25,4400.0,POS,Karachi,Mobile,18000.0,0,Morning,0,0,0,0
665,T366,U366,40,300000.0,Online,USA,Laptop,900000.0,1,Night,1,1,1,1
666,T367,U367,28,6000.0,POS,Karachi,Mobile,21000.0,0,Evening,0,0,0,0
667,T368,U368,36,270000.0,Online,UK,Laptop,800000.0,1,Night,1,1,1,1
668,T369,U369,26,4100.0,POS,Lahore,Mobile,18000.0,0,Morning,0,0,0,0
669,T370,U370,41,360000.0,Online,Dubai,Laptop,980000.0,1,Night,1,1,1,1
670,T371,U371,29,6500.0,POS,Karachi,Mobile,24000.0,0,Afternoon,0,0,0,0
671,T372,U372,35,260000.0,Online,USA,Laptop,750000.0,1,Night,1,1,1,1
672,T373,U373,24,3100.0,POS,Karachi,Mobile,15000.0,0,Morning,0,0,0,0
673,T374,U374,39,290000.0,Online,UK,Laptop,820000.0,1,Night,1,1,1,1
674,T375,U375,27,5000.0,POS,Lahore,Mobile,20000.0,0,Morning,0,0,0,0
675,T376,U376,42,370000.0,Online,Dubai,Laptop,990000.0,1,Night,1,1,1,1
676,T377,U377,30,5000.0,POS,Karachi,Mobile,20000.0,0,Morning,0,0,0,0
677,T378,U378,33,220000.0,Online,USA,Laptop,600000.0,1,Night,1,1,1,1
678,T379,U379,28,6100.0,POS,Karachi,Mobile,21000.0,0,Afternoon,0,0,0,0
679,T380,U380,40,300000.0,Online,UK,Laptop,900000.0,1,Night,1,1,1,1
680,T381,U381,25,4200.0,POS,Lahore,Mobile,18000.0,0,Morning,0,0,0,0
681,T382,U382,37,510000.0,Online,Dubai,Laptop,1000000.0,1,Night,1,1,1,1
682,T383,U383,29,6500.0,POS,Karachi,Mobile,24000.0,0,Evening,0,0,0,0
683,T384,U384,36,270000.0,Online,USA,Laptop,800000.0,1,Night,1,1,1,1
684,T385,U385,26,3900.0,POS,Karachi,Mobile,17000.0,0,Morning,0,0,0,0
685,T386,U386,41,360000.0,Online,UK,Laptop,980000.0,1,Night,1,1,1,1
686,T387,U387,28,6000.0,POS,Lahore,Mobile,21000.0,0,Afternoon,0,0,0,0
687,T388,U388,39,290000.0,Online,Dubai,Laptop,820000.0,1,Night,1,1,1,1
688,T389,U389,24,3300.0,POS,Karachi,Mobile,16000.0,0,Morning,0,0,0,0
689,T390,U390,42,370000.0,Online,USA,Laptop,990000.0,1,Night,1,1,1,1
690,T391,U391,30,5000.0,POS,Karachi,Mobile,20000.0,0,Morning,0,0,0,0
691,T392,U392,35,260000.0,Online,UK,Laptop,750000.0,1,Night,1,1,1,1
692,T393,U393,27,4800.0,POS,Lahore,Mobile,19000.0,0,Morning,0,0,0,0
693,T394,U394,38,320000.0,Online,Dubai,Laptop,880000.0,1,Night,1,1,1,1
694,T395,U395,25,4400.0,POS,Karachi,Mobile,18000.0,0,Morning,0,0,0,0
695,T396,U396,40,300000.0,Online,USA,Laptop,900000.0,1,Night,1,1,1,1
696,T397,U397,29,6500.0,POS,Karachi,Mobile,24000.0,0,Afternoon,0,0,0,0
697,T398,U398,36,270000.0,Online,UK,Laptop,800000.0,1,Night,1,1,1,1
698,T399,U399,26,3900.0,POS,Lahore,Mobile,17000.0,0,Morning,0,0,0,0
699,T400,U400,41,360000.0,Online,Dubai,Laptop,980000.0,1,Night,1,1,1,1
700,T011,U11,27,8000.0,POS,Karachi,Mobile,21000.0,0,Morning,0,0,0,0
701,T012,U12,33,220000.0,Online,USA,Laptop,450000.0,1,Night,1,1,1,1
702,T013,U13,24,3500.0,POS,Lahore,Mobile,16000.0,0,Afternoon,0,0,0,0
703,T014,U14,41,310000.0,Online,Dubai,Laptop,900000.0,1,Night,1,1,1,1
704,T015,U15,29,6000.0,POS,Karachi,Mobile,20000.0,0,Evening,0,0,0,0
705,T016,U16,36,450000.0,Online,UK,Laptop,700000.0,1,Night,1,1,1,1
706,T017,U17,26,5000.0,POS,Karachi,Mobile,19000.0,0,Morning,0,0,0,0
707,T018,U18,32,120000.0,Online,Karachi,Laptop,150000.0,0,Night,1,1,0,1
708,T019,U19,28,7000.0,POS,Karachi,Mobile,24000.0,0,Afternoon,0,0,0,0
709,T020,U20,38,260000.0,Online,USA,Laptop,650000.0,1,Night,1,1,1,1
710,T021,U21,25,5500.0,POS,Lahore,Mobile,17000.0,0,Morning,0,0,0,0
711,T022,U22,30,210000.0,Online,UK,Laptop,480000.0,1,Night,1,1,1,1
712,T023,U23,27,6500.0,POS,Karachi,Mobile,23000.0,0,Evening,0,0,0,0
713,T024,U24,44,330000.0,Online,Dubai,Laptop,950000.0,1,Night,1,1,1,1
714,T025,U25,31,9000.0,POS,Karachi,Mobile,22000.0,0,Afternoon,0,0,0,0
715,T026,U26,35,500000.0,Online,USA,Laptop,800000.0,1,Night,1,1,1,1
716,T027,U27,23,4000.0,POS,Karachi,Mobile,15000.0,0,Morning,0,0,0,0
717,T028,U28,39,280000.0,Online,UK,Laptop,620000.0,1,Night,1,1,1,1
718,T029,U29,30,7500.0,POS,Lahore,Mobile,21000.0,0,Evening,0,0,0,0
719,T030,U30,42,350000.0,Online,Dubai,Laptop,980000.0,1,Night,1,1,1,1
720,T031,U31,26,6000.0,POS,Karachi,Mobile,20000.0,0,Morning,0,0,0,0
721,T032,U32,33,240000.0,Online,USA,Laptop,500000.0,1,Night,1,1,1,1
722,T033,U33,29,5000.0,POS,Karachi,Mobile,18000.0,0,Afternoon,0,0,0,0
723,T034,U34,45,400000.0,Online,UK,Laptop,900000.0,1,Night,1,1,1,1
724,T035,U35,28,8000.0,POS,Karachi,Mobile,25000.0,0,Evening,0,0,0,0
725,T036,U36,37,320000.0,Online,Dubai,Laptop,850000.0,1,Night,1,1,1,1
726,T037,U37,24,4500.0,POS,Lahore,Mobile,16000.0,0,Morning,0,0,0,0
727,T038,U38,31,150000.0,Online,Karachi,Laptop,200000.0,0,Night,1,1,0,1
728,T039,U39,27,7000.0,POS,Karachi,Mobile,22000.0,0,Afternoon,0,0,0,0
729,T040,U40,40,270000.0,Online,USA,Laptop,600000.0,1,Night,1,1,1,1
730,T041,U41,25,5200.0,POS,Karachi,Mobile,21000.0,0,Morning,0,0,0,0
731,T042,U42,34,230000.0,Online,UK,Laptop,490000.0,1,Night,1,1,1,1
732,T043,U43,29,6800.0,POS,Karachi,Mobile,24000.0,0,Evening,0,0,0,0
733,T044,U44,43,340000.0,Online,Dubai,Laptop,920000.0,1,Night,1,1,1,1
734,T045,U45,30,8500.0,POS,Lahore,Mobile,20000.0,0,Afternoon,0,0,0,0
735,T046,U46,36,510000.0,Online,USA,Laptop,780000.0,1,Night,1,1,1,1
736,T047,U47,22,3000.0,POS,Karachi,Mobile,14000.0,0,Morning,0,0,0,0
737,T048,U48,38,290000.0,Online,UK,Laptop,610000.0,1,Night,1,1,1,1
738,T049,U49,28,7600.0,POS,Karachi,Mobile,23000.0,0,Evening,0,0,0,0
739,T050,U50,41,360000.0,Online,Dubai,Laptop,970000.0,1,Night,1,1,1,1
740,T051,U51,27,6100.0,POS,Karachi,Mobile,20000.0,0,Morning,0,0,0,0
741,T052,U52,33,215000.0,Online,USA,Laptop,460000.0,1,Night,1,1,1,1
742,T053,U53,26,4800.0,POS,Lahore,Mobile,17000.0,0,Afternoon,0,0,0,0
743,T054,U54,44,310000.0,Online,UK,Laptop,880000.0,1,Night,1,1,1,1
744,T055,U55,29,7200.0,POS,Karachi,Mobile,22000.0,0,Evening,0,0,0,0
745,T056,U56,35,490000.0,Online,USA,Laptop,790000.0,1,Night,1,1,1,1
746,T057,U57,25,5300.0,POS,Karachi,Mobile,19000.0,0,Morning,0,0,0,0
747,T058,U58,32,140000.0,Online,Karachi,Laptop,180000.0,0,Night,1,1,0,1
748,T059,U59,27,6900.0,POS,Karachi,Mobile,21000.0,0,Afternoon,0,0,0,0
749,T060,U60,39,275000.0,Online,UK,Laptop,630000.0,1,Night,1,1,1,1
750,T061,U61,26,5600.0,POS,Karachi,Mobile,20000.0,0,Morning,0,0,0,0
751,T062,U62,34,225000.0,Online,USA,Laptop,470000.0,1,Night,1,1,1,1
752,T063,U63,28,7100.0,POS,Karachi,Mobile,23000.0,0,Evening,0,0,0,0
753,T064,U64,45,390000.0,Online,Dubai,Laptop,940000.0,1,Night,1,1,1,1
754,T065,U65,30,8200.0,POS,Lahore,Mobile,21000.0,0,Afternoon,0,0,0,0
755,T066,U66,36,505000.0,Online,USA,Laptop,810000.0,1,Night,1,1,1,1
756,T067,U67,23,4200.0,POS,Karachi,Mobile,15000.0,0,Morning,0,0,0,0
757,T068,U68,37,295000.0,Online,UK,Laptop,640000.0,1,Night,1,1,1,1
758,T069,U69,29,7400.0,POS,Karachi,Mobile,22000.0,0,Evening,0,0,0,0
759,T070,U70,42,345000.0,Online,Dubai,Laptop,990000.0,1,Night,1,1,1,1
760,T071,U71,25,6000.0,POS,Karachi,Mobile,20000.0,0,Morning,0,0,0,0
761,T072,U72,33,240000.0,Online,USA,Laptop,510000.0,1,Night,1,1,1,1
762,T073,U73,27,5100.0,POS,Lahore,Mobile,18000.0,0,Afternoon,0,0,0,0
763,T074,U74,44,320000.0,Online,UK,Laptop,890000.0,1,Night,1,1,1,1
764,T075,U75,28,7800.0,POS,Karachi,Mobile,24000.0,0,Evening,0,0,0,0
765,T076,U76,35,495000.0,Online,USA,Laptop,800000.0,1,Night,1,1,1,1
766,T077,U77,24,3900.0,POS,Karachi,Mobile,16000.0,0,Morning,0,0,0,0
767,T078,U78,38,285000.0,Online,UK,Laptop,615000.0,1,Night,1,1,1,1
768,T079,U79,30,7600.0,POS,Karachi,Mobile,23000.0,0,Afternoon,0,0,0,0
769,T080,U80,41,355000.0,Online,Dubai,Laptop,975000.0,1,Night,1,1,1,1
770,T081,U81,26,5400.0,POS,Karachi,Mobile,20000.0,0,Morning,0,0,0,0
771,T082,U82,32,150000.0,Online,Karachi,Laptop,190000.0,0,Night,1,1,0,1
772,T083,U83,29,6700.0,POS,Karachi,Mobile,22000.0,0,Evening,0,0,0,0
773,T084,U84,43,330000.0,Online,UK,Laptop,910000.0,1,Night,1,1,1,1
774,T085,U85,31,8800.0,POS,Lahore,Mobile,21000.0,0,Afternoon,0,0,0,0
775,T086,U86,36,500000.0,Online,USA,Laptop,820000.0,1,Night,1,1,1,1
776,T087,U87,22,3100.0,POS,Karachi,Mobile,14000.0,0,Morning,0,0,0,0
777,T088,U88,39,295000.0,Online,UK,Laptop,650000.0,1,Night,1,1,1,1
778,T089,U89,28,7300.0,POS,Karachi,Mobile,23000.0,0,Evening,0,0,0,0
779,T090,U90,40,340000.0,Online,Dubai,Laptop,960000.0,1,Night,1,1,1,1
780,T091,U91,25,5900.0,POS,Karachi,Mobile,20000.0,0,Morning,0,0,0,0
781,T092,U92,33,235000.0,Online,USA,Laptop,480000.0,1,Night,1,1,1,1
782,T093,U93,27,5200.0,POS,Lahore,Mobile,17000.0,0,Afternoon,0,0,0,0
783,T094,U94,45,370000.0,Online,UK,Laptop,930000.0,1,Night,1,1,1,1
784,T095,U95,29,7500.0,POS,Karachi,Mobile,24000.0,0,Evening,0,0,0,0
785,T096,U96,35,490000.0,Online,USA,Laptop,800000.0,1,Night,1,1,1,1
786,T097,U97,24,4100.0,POS,Karachi,Mobile,15000.0,0,Morning,0,0,0,0
787,T098,U98,38,290000.0,Online,UK,Laptop,620000.0,1,Night,1,1,1,1
788,T099,U99,30,7700.0,POS,Karachi,Mobile,23000.0,0,Afternoon,0,0,0,0
789,T100,U100,41,360000.0,Online,Dubai,Laptop,980000.0,1,Night,1,1,1,1
790,T101,U101,27,6200.0,POS,Karachi,Mobile,21000.0,0,Morning,0,0,0,0
791,T102,U102,34,245000.0,Online,USA,Laptop,520000.0,1,Night,1,1,1,1
792,T103,U103,26,4900.0,POS,Lahore,Mobile,18000.0,0,Afternoon,0,0,0,0
793,T104,U104,44,315000.0,Online,UK,Laptop,900000.0,1,Night,1,1,1,1
794,T105,U105,28,7900.0,POS,Karachi,Mobile,25000.0,0,Evening,0,0,0,0
795,T106,U106,36,505000.0,Online,USA,Laptop,830000.0,1,Night,1,1,1,1
796,T107,U107,23,3300.0,POS,Karachi,Mobile,15000.0,0,Morning,0,0,0,0
797,T108,U108,37,300000.0,Online,UK,Laptop,660000.0,1,Night,1,1,1,1
798,T109,U109,29,7400.0,POS,Karachi,Mobile,22000.0,0,Evening,0,0,0,0
799,T110,U110,42,350000.0,Online,Dubai,Laptop,995000.0,1,Night,1,1,1,1
800,T111,U111,25,6100.0,POS,Karachi,Mobile,20000.0,0,Morning,0,0,0,0
801,T112,U112,33,225000.0,Online,USA,Laptop,470000.0,1,Night,1,1,1,1
802,T113,U113,27,5300.0,POS,Lahore,Mobile,18000.0,0,Afternoon,0,0,0,0
803,T114,U114,45,380000.0,Online,UK,Laptop,940000.0,1,Night,1,1,1,1
804,T115,U115,30,8000.0,POS,Karachi,Mobile,23000.0,0,Evening,0,0,0,0
805,T116,U116,35,500000.0,Online,USA,Laptop,820000.0,1,Night,1,1,1,1
806,T117,U117,24,4200.0,POS,Karachi,Mobile,16000.0,0,Morning,0,0,0,0
807,T118,U118,39,295000.0,Online,UK,Laptop,650000.0,1,Night,1,1,1,1
808,T119,U119,28,7600.0,POS,Karachi,Mobile,24000.0,0,Afternoon,0,0,0,0
809,T120,U120,40,345000.0,Online,Dubai,Laptop,970000.0,1,Night,1,1,1,1
810,T121,U121,26,5500.0,POS,Karachi,Mobile,20000.0,0,Morning,0,0,0,0
811,T122,U122,32,155000.0,Online,Karachi,Laptop,200000.0,0,Night,1,1,0,1
812,T123,U123,29,6800.0,POS,Karachi,Mobile,22000.0,0,Evening,0,0,0,0
813,T124,U124,43,335000.0,Online,UK,Laptop,915000.0,1,Night,1,1,1,1
814,T125,U125,31,8900.0,POS,Lahore,Mobile,21000.0,0,Afternoon,0,0,0,0
815,T126,U126,36,500000.0,Online,USA,Laptop,840000.0,1,Night,1,1,1,1
816,T127,U127,22,3200.0,POS,Karachi,Mobile,14000.0,0,Morning,0,0,0,0
817,T128,U128,38,290000.0,Online,UK,Laptop,620000.0,1,Night,1,1,1,1
818,T129,U129,27,7000.0,POS,Karachi,Mobile,23000.0,0,Evening,0,0,0,0
819,T130,U130,41,360000.0,Online,Dubai,Laptop,985000.0,1,Night,1,1,1,1
820,T131,U131,25,6000.0,POS,Karachi,Mobile,20000.0,0,Morning,0,0,0,0
821,T132,U132,33,240000.0,Online,USA,Laptop,510000.0,1,Night,1,1,1,1
822,T133,U133,28,7500.0,POS,Karachi,Mobile,24000.0,0,Afternoon,0,0,0,0
823,T134,U134,44,325000.0,Online,UK,Laptop,920000.0,1,Night,1,1,1,1
824,T135,U135,30,8100.0,POS,Lahore,Mobile,21000.0,0,Evening,0,0,0,0
825,T136,U136,35,495000.0,Online,USA,Laptop,800000.0,1,Night,1,1,1,1
826,T137,U137,24,4000.0,POS,Karachi,Mobile,15000.0,0,Morning,0,0,0,0
827,T138,U138,37,300000.0,Online,UK,Laptop,660000.0,1,Night,1,1,1,1
828,T139,U139,29,7200.0,POS,Karachi,Mobile,22000.0,0,Afternoon,0,0,0,0
829,T140,U140,42,350000.0,Online,Dubai,Laptop,990000.0,1,Night,1,1,1,1
830,T141,U141,26,5600.0,POS,Karachi,Mobile,20000.0,0,Morning,0,0,0,0
831,T142,U142,32,150000.0,Online,Karachi,Laptop,195000.0,0,Night,1,1,0,1
832,T143,U143,27,6900.0,POS,Karachi,Mobile,22000.0,0,Evening,0,0,0,0
833,T144,U144,45,385000.0,Online,UK,Laptop,945000.0,1,Night,1,1,1,1
834,T145,U145,31,8700.0,POS,Lahore,Mobile,21000.0,0,Afternoon,0,0,0,0
835,T146,U146,36,500000.0,Online,USA,Laptop,825000.0,1,Night,1,1,1,1
836,T147,U147,23,3400.0,POS,Karachi,Mobile,15000.0,0,Morning,0,0,0,0
837,T148,U148,39,295000.0,Online,UK,Laptop,655000.0,1,Night,1,1,1,1
838,T149,U149,28,7700.0,POS,Karachi,Mobile,24000.0,0,Evening,0,0,0,0
839,T150,U150,41,360000.0,Online,Dubai,Laptop,980000.0,1,Night,1,1,1,1
840,T151,U151,25,6100.0,POS,Karachi,Mobile,20000.0,0,Morning,0,0,0,0
841,T152,U152,33,230000.0,Online,USA,Laptop,480000.0,1,Night,1,1,1,1
842,T153,U153,27,5200.0,POS,Lahore,Mobile,18000.0,0,Afternoon,0,0,0,0
843,T154,U154,44,315000.0,Online,UK,Laptop,905000.0,1,Night,1,1,1,1
844,T155,U155,29,7400.0,POS,Karachi,Mobile,23000.0,0,Evening,0,0,0,0
845,T156,U156,35,490000.0,Online,USA,Laptop,800000.0,1,Night,1,1,1,1
846,T157,U157,24,4100.0,POS,Karachi,Mobile,15000.0,0,Morning,0,0,0,0
847,T158,U158,38,290000.0,Online,UK,Laptop,620000.0,1,Night,1,1,1,1
848,T159,U159,30,7600.0,POS,Karachi,Mobile,23000.0,0,Afternoon,0,0,0,0
849,T160,U160,40,345000.0,Online,Dubai,Laptop,975000.0,1,Night,1,1,1,1
850,T161,U161,26,5400.0,POS,Karachi,Mobile,20000.0,0,Morning,0,0,0,0
851,T162,U162,32,155000.0,Online,Karachi,Laptop,200000.0,0,Night,1,1,0,1
852,T163,U163,28,7000.0,POS,Karachi,Mobile,22000.0,0,Evening,0,0,0,0
853,T164,U164,43,335000.0,Online,UK,Laptop,910000.0,1,Night,1,1,1,1
854,T165,U165,31,8800.0,POS,Lahore,Mobile,21000.0,0,Afternoon,0,0,0,0
855,T166,U166,36,500000.0,Online,USA,Laptop,830000.0,1,Night,1,1,1,1
856,T167,U167,22,3100.0,POS,Karachi,Mobile,14000.0,0,Morning,0,0,0,0
857,T168,U168,39,295000.0,Online,UK,Laptop,650000.0,1,Night,1,1,1,1
858,T169,U169,27,7200.0,POS,Karachi,Mobile,23000.0,0,Evening,0,0,0,0
859,T170,U170,41,360000.0,Online,Dubai,Laptop,985000.0,1,Night,1,1,1,1
860,T171,U171,25,6000.0,POS,Karachi,Mobile,20000.0,0,Morning,0,0,0,0
861,T172,U172,33,240000.0,Online,USA,Laptop,510000.0,1,Night,1,1,1,1
862,T173,U173,28,7500.0,POS,Karachi,Mobile,24000.0,0,Afternoon,0,0,0,0
863,T174,U174,44,325000.0,Online,UK,Laptop,920000.0,1,Night,1,1,1,1
864,T175,U175,30,8100.0,POS,Lahore,Mobile,21000.0,0,Evening,0,0,0,0
865,T176,U176,35,495000.0,Online,USA,Laptop,800000.0,1,Night,1,1,1,1
866,T177,U177,24,4000.0,POS,Karachi,Mobile,15000.0,0,Morning,0,0,0,0
867,T178,U178,37,300000.0,Online,UK,Laptop,660000.0,1,Night,1,1,1,1
868,T179,U179,29,7200.0,POS,Karachi,Mobile,22000.0,0,Afternoon,0,0,0,0
869,T180,U180,42,350000.0,Online,Dubai,Laptop,990000.0,1,Night,1,1,1,1
870,T181,U181,26,5600.0,POS,Karachi,Mobile,20000.0,0,Morning,0,0,0,0
871,T182,U182,32,150000.0,Online,Karachi,Laptop,195000.0,0,Night,1,1,0,1
872,T183,U183,27,6900.0,POS,Karachi,Mobile,22000.0,0,Evening,0,0,0,0
873,T184,U184,45,385000.0,Online,UK,Laptop,945000.0,1,Night,1,1,1,1
874,T185,U185,31,8700.0,POS,Lahore,Mobile,21000.0,0,Afternoon,0,0,0,0
875,T186,U186,36,500000.0,Online,USA,Laptop,825000.0,1,Night,1,1,1,1
876,T187,U187,23,3400.0,POS,Karachi,Mobile,15000.0,0,Morning,0,0,0,0
877,T188,U188,39,295000.0,Online,UK,Laptop,655000.0,1,Night,1,1,1,1
878,T189,U189,28,7700.0,POS,Karachi,Mobile,24000.0,0,Evening,0,0,0,0
879,T190,U190,41,360000.0,Online,Dubai,Laptop,980000.0,1,Night,1,1,1,1
880,T191,U191,25,6100.0,POS,Karachi,Mobile,20000.0,0,Morning,0,0,0,0
881,T192,U192,33,230000.0,Online,USA,Laptop,480000.0,1,Night,1,1,1,1
882,T193,U193,27,5200.0,POS,Lahore,Mobile,18000.0,0,Afternoon,0,0,0,0
883,T194,U194,44,315000.0,Online,UK,Laptop,905000.0,1,Night,1,1,1,1
884,T195,U195,29,7400.0,POS,Karachi,Mobile,23000.0,0,Evening,0,0,0,0
885,T196,U196,35,490000.0,Online,USA,Laptop,800000.0,1,Night,1,1,1,1
886,T197,U197,24,4100.0,POS,Karachi,Mobile,15000.0,0,Morning,0,0,0,0
887,T198,U198,38,290000.0,Online,UK,Laptop,620000.0,1,Night,1,1,1,1
888,T199,U199,30,7600.0,POS,Karachi,Mobile,23000.0,0,Afternoon,0,0,0,0
889,T200,U200,40,345000.0,Online,Dubai,Laptop,975000.0,1,Night,1,1,1,1
890,T201,U201,26,5400.0,POS,Karachi,Mobile,20000.0,0,Morning,0,0,0,0
891,T202,U202,32,155000.0,Online,Karachi,Laptop,200000.0,0,Night,1,1,0,1
892,T203,U203,28,7000.0,POS,Karachi,Mobile,22000.0,0,Evening,0,0,0,0
893,T204,U204,43,335000.0,Online,UK,Laptop,910000.0,1,Night,1,1,1,1
894,T205,U205,31,8800.0,POS,Lahore,Mobile,21000.0,0,Afternoon,0,0,0,0
895,T206,U206,36,500000.0,Online,USA,Laptop,830000.0,1,Night,1,1,1,1
896,T207,U207,22,3100.0,POS,Karachi,Mobile,14000.0,0,Morning,0,0,0,0
897,T208,U208,39,295000.0,Online,UK,Laptop,650000.0,1,Night,1,1,1,1
898,T209,U209,27,7200.0,POS,Karachi,Mobile,23000.0,0,Evening,0,0,0,0
899,T210,U210,41,360000.0,Online,Dubai,Laptop,985000.0,1,Night,1,1,1,1
900,T211,U211,25,6000.0,POS,Karachi,Mobile,20000.0,0,Morning,0,0,0,0
901,T212,U212,33,240000.0,Online,USA,Laptop,510000.0,1,Night,1,1,1,1
902,T213,U213,28,7500.0,POS,Karachi,Mobile,24000.0,0,Afternoon,0,0,0,0
903,T214,U214,44,325000.0,Online,UK,Laptop,920000.0,1,Night,1,1,1,1
904,T215,U215,30,8100.0,POS,Lahore,Mobile,21000.0,0,Evening,0,0,0,0
905,T216,U216,35,495000.0,Online,USA,Laptop,800000.0,1,Night,1,1,1,1
906,T217,U217,24,4000.0,POS,Karachi,Mobile,15000.0,0,Morning,0,0,0,0
907,T218,U218,37,300000.0,Online,UK,Laptop,660000.0,1,Night,1,1,1,1
908,T219,U219,29,7200.0,POS,Karachi,Mobile,22000.0,0,Afternoon,0,0,0,0
909,T220,U220,42,350000.0,Online,Dubai,Laptop,990000.0,1,Night,1,1,1,1
910,T221,U221,26,5600.0,POS,Karachi,Mobile,20000.0,0,Morning,0,0,0,0
911,T222,U222,32,150000.0,Online,Karachi,Laptop,195000.0,0,Night,1,1,0,1
912,T223,U223,27,6900.0,POS,Karachi,Mobile,22000.0,0,Evening,0,0,0,0
913,T224,U224,45,385000.0,Online,UK,Laptop,945000.0,1,Night,1,1,1,1
914,T225,U225,31,8700.0,POS,Lahore,Mobile,21000.0,0,Afternoon,0,0,0,0
915,T226,U226,36,500000.0,Online,USA,Laptop,825000.0,1,Night,1,1,1,1
916,T227,U227,23,3400.0,POS,Karachi,Mobile,15000.0,0,Morning,0,0,0,0
917,T228,U228,39,295000.0,Online,UK,Laptop,655000.0,1,Night,1,1,1,1
918,T229,U229,28,7700.0,POS,Karachi,Mobile,24000.0,0,Evening,0,0,0,0
919,T230,U230,41,360000.0,Online,Dubai,Laptop,980000.0,1,Night,1,1,1,1
920,T231,U231,25,6100.0,POS,Karachi,Mobile,20000.0,0,Morning,0,0,0,0
921,T232,U232,33,230000.0,Online,USA,Laptop,480000.0,1,Night,1,1,1,1
922,T233,U233,27,5200.0,POS,Lahore,Mobile,18000.0,0,Afternoon,0,0,0,0
923,T234,U234,44,315000.0,Online,UK,Laptop,905000.0,1,Night,1,1,1,1
924,T235,U235,29,7400.0,POS,Karachi,Mobile,23000.0,0,Evening,0,0,0,0
925,T236,U236,35,490000.0,Online,USA,Laptop,800000.0,1,Night,1,1,1,1
926,T237,U237,24,4100.0,POS,Karachi,Mobile,15000.0,0,Morning,0,0,0,0
927,T238,U238,38,290000.0,Online,UK,Laptop,620000.0,1,Night,1,1,1,1
928,T239,U239,30,7600.0,POS,Karachi,Mobile,23000.0,0,Afternoon,0,0,0,0
929,T240,U240,40,345000.0,Online,Dubai,Laptop,975000.0,1,Night,1,1,1,1
930,T241,U241,26,5400.0,POS,Karachi,Mobile,20000.0,0,Morning,0,0,0,0
931,T242,U242,32,155000.0,Online,Karachi,Laptop,200000.0,0,Night,1,1,0,1
932,T243,U243,28,7000.0,POS,Karachi,Mobile,22000.0,0,Evening,0,0,0,0
933,T244,U244,43,335000.0,Online,UK,Laptop,910000.0,1,Night,1,1,1,1
934,T245,U245,31,8800.0,POS,Lahore,Mobile,21000.0,0,Afternoon,0,0,0,0
935,T246,U246,36,500000.0,Online,USA,Laptop,830000.0,1,Night,1,1,1,1
936,T247,U247,22,3100.0,POS,Karachi,Mobile,14000.0,0,Morning,0,0,0,0
937,T248,U248,39,295000.0,Online,UK,Laptop,650000.0,1,Night,1,1,1,1
938,T249,U249,27,7200.0,POS,Karachi,Mobile,23000.0,0,Evening,0,0,0,0
939,T250,U250,41,360000.0,Online,Dubai,Laptop,985000.0,1,Night,1,1,1,1
940,T251,U251,25,6000.0,POS,Karachi,Mobile,20000.0,0,Morning,0,0,0,0
941,T252,U252,33,240000.0,Online,USA,Laptop,510000.0,1,Night,1,1,1,1
942,T253,U253,28,7500.0,POS,Karachi,Mobile,24000.0,0,Afternoon,0,0,0,0
943,T254,U254,44,325000.0,Online,UK,Laptop,920000.0,1,Night,1,1,1,1
944,T255,U255,30,8100.0,POS,Lahore,Mobile,21000.0,0,Evening,0,0,0,0
945,T256,U256,35,495000.0,Online,USA,Laptop,800000.0,1,Night,1,1,1,1
946,T257,U257,24,4000.0,POS,Karachi,Mobile,15000.0,0,Morning,0,0,0,0
947,T258,U258,37,300000.0,Online,UK,Laptop,660000.0,1,Night,1,1,1,1
948,T259,U259,29,7200.0,POS,Karachi,Mobile,22000.0,0,Afternoon,0,0,0,0
949,T260,U260,42,350000.0,Online,Dubai,Laptop,990000.0,1,Night,1,1,1,1
950,T261,U261,26,5600.0,POS,Karachi,Mobile,20000.0,0,Morning,0,0,0,0
951,T262,U262,32,150000.0,Online,Karachi,Laptop,195000.0,0,Night,1,1,0,1
952,T263,U263,27,6900.0,POS,Karachi,Mobile,22000.0,0,Evening,0,0,0,0
953,T264,U264,45,385000.0,Online,UK,Laptop,945000.0,1,Night,1,1,1,1
954,T265,U265,31,8700.0,POS,Lahore,Mobile,21000.0,0,Afternoon,0,0,0,0
955,T266,U266,36,500000.0,Online,USA,Laptop,825000.0,1,Night,1,1,1,1
956,T267,U267,23,3400.0,POS,Karachi,Mobile,15000.0,0,Morning,0,0,0,0
957,T268,U268,39,295000.0,Online,UK,Laptop,655000.0,1,Night,1,1,1,1
958,T269,U269,28,7700.0,POS,Karachi,Mobile,24000.0,0,Evening,0,0,0,0
959,T270,U270,41,360000.0,Online,Dubai,Laptop,980000.0,1,Night,1,1,1,1
960,T271,U271,25,6100.0,POS,Karachi,Mobile,20000.0,0,Morning,0,0,0,0
961,T272,U272,33,230000.0,Online,USA,Laptop,480000.0,1,Night,1,1,1,1
962,T273,U273,27,5200.0,POS,Lahore,Mobile,18000.0,0,Afternoon,0,0,0,0
963,T274,U274,44,315000.0,Online,UK,Laptop,905000.0,1,Night,1,1,1,1
964,T275,U275,29,7400.0,POS,Karachi,Mobile,23000.0,0,Evening,0,0,0,0
965,T276,U276,35,490000.0,Online,USA,Laptop,800000.0,1,Night,1,1,1,1
966,T277,U277,24,4100.0,POS,Karachi,Mobile,15000.0,0,Morning,0,0,0,0
967,T278,U278,38,290000.0,Online,UK,Laptop,620000.0,1,Night,1,1,1,1
968,T279,U279,30,7600.0,POS,Karachi,Mobile,23000.0,0,Afternoon,0,0,0,0
969,T280,U280,40,345000.0,Online,Dubai,Laptop,975000.0,1,Night,1,1,1,1
970,T281,U281,26,5400.0,POS,Karachi,Mobile,20000.0,0,Morning,0,0,0,0
971,T282,U282,32,155000.0,Online,Karachi,Laptop,200000.0,0,Night,1,1,0,1
972,T283,U283,28,7000.0,POS,Karachi,Mobile,22000.0,0,Evening,0,0,0,0
973,T284,U284,43,335000.0,Online,UK,Laptop,910000.0,1,Night,1,1,1,1
974,T285,U285,31,8800.0,POS,Lahore,Mobile,21000.0,0,Afternoon,0,0,0,0
975,T286,U286,36,500000.0,Online,USA,Laptop,830000.0,1,Night,1,1,1,1
976,T287,U287,22,3100.0,POS,Karachi,Mobile,14000.0,0,Morning,0,0,0,0
977,T288,U288,39,295000.0,Online,UK,Laptop,650000.0,1,Night,1,1,1,1
978,T289,U289,27,7200.0,POS,Karachi,Mobile,23000.0,0,Evening,0,0,0,0
979,T290,U290,41,360000.0,Online,Dubai,Laptop,985000.0,1,Night,1,1,1,1
980,T291,U291,25,6000.0,POS,Karachi,Mobile,20000.0,0,Morning,0,0,0,0
981,T292,U292,33,240000.0,Online,USA,Laptop,510000.0,1,Night,1,1,1,1
982,T293,U293,28,7500.0,POS,Karachi,Mobile,24000.0,0,Afternoon,0,0,0,0
983,T294,U294,44,325000.0,Online,UK,Laptop,920000.0,1,Night,1,1,1,1
984,T295,U295,30,8100.0,POS,Lahore,Mobile,21000.0,0,Evening,0,0,0,0
985,T296,U296,35,495000.0,Online,USA,Laptop,800000.0,1,Night,1,1,1,1
986,T297,U297,24,4000.0,POS,Karachi,Mobile,15000.0,0,Morning,0,0,0,0
987,T298,U298,37,300000.0,Online,UK,Laptop,660000.0,1,Night,1,1,1,1
988,T299,U299,29,7200.0,POS,Karachi,Mobile,22000.0,0,Afternoon,0,0,0,0
989,T300,U300,42,350000.0,Online,Dubai,Laptop,990000.0,1,Night,1,1,1,1
